[{"__type__":"cc.SpriteFrame","content":{"name":"16","texture":"8dVv13G6ZP76zN7Db1hVme","rect":[0,1,75,75],"offset":[-0.5,-0.5],"originalSize":[76,76]}},[{"__type__":"cc.Prefab","_name":"Dot","data":{"__id__":1},"asyncLoadAssets":null},{"__type__":"cc.Node","_name":"Dot","_children":[{"__id__":2}],"_components":[{"__type__":"cc.Mask","node":{"__id__":1},"_type":1}],"_prefab":{"__type__":"cc.PrefabInfo","root":{"__id__":1},"asset":{"__id__":0},"fileId":"963YjAMMxM2L0iuLfj5j8J"},"_contentSize":{"__type__":"cc.Size","width":10,"height":10}},{"__type__":"cc.Node","_name":"Color","_parent":{"__id__":1},"_components":[{"__type__":"cc.Sprite","node":{"__id__":2},"_spriteFrame":{"__uuid__":"a2MjXRFdtLlYQ5ouAFv/+R"},"_sizeMode":0}],"_prefab":{"__type__":"cc.PrefabInfo","root":{"__id__":1},"asset":{"__id__":0},"fileId":"05/bqjEghDkLYy0xB50WoV"},"_color":{"__type__":"cc.Color","r":255,"g":235},"_contentSize":{"__type__":"cc.Size","width":10,"height":10}}],{"__type__":"cc.SpriteFrame","content":{"name":"01","texture":"e3MI+NdblBtJqjK0uJqre/","rect":[166,145,89,99],"offset":[-1.5,0.5],"originalSize":[424,390]}},[{"__type__":"cc.SceneAsset","_name":"Bezier","scene":{"__id__":1},"asyncLoadAssets":null},{"__type__":"cc.Scene","_name":"New Node","_children":[{"__id__":2}],"_anchorPoint":{"__type__":"cc.Vec2"},"autoReleaseAssets":false},{"__type__":"cc.Node","_name":"Canvas","_parent":{"__id__":1},"_children":[{"__id__":3},{"__id__":4},{"__id__":16},{"__id__":28},{"__id__":32},{"__id__":36},{"__id__":58},{"__id__":59},{"__id__":66}],"_components":[{"__type__":"cc.Canvas","node":{"__id__":2},"_designResolution":{"__type__":"cc.Size","width":720,"height":1280}},{"__type__":"5c4feDPSIBGvok00IlbJbmW","node":{"__id__":2},"shootBubble":{"__id__":30},"shootBubblePre":{"__uuid__":"7b1OOjAWBMqavAX4yHwSG5"},"bubbleLayer":{"__id__":32},"shooterLayer":{"__id__":28},"instanceSpriteArr":[{"__uuid__":"84YWN6Jt1NjJm/kDsiuP5y"},{"__uuid__":"e4vzyxa4hKb7hgX+5SmXJj"},{"__uuid__":"e7sdRDv5BGq7fR7mmOq6DH"},{"__uuid__":"0cSbeYlnZJoI8paWsWIRkf"},{"__uuid__":"e0gmDNQmtNPpNsuGZ/7vfI"},{"__uuid__":"d9vxXFAUNPDbRY3dY5Heb2"},{"__uuid__":"e5Y7u81AhCd42So0xjpH1w"},{"__uuid__":"a13syBzRVMQob8CHNEMfzl"}],"shooterSpriteArr":[{"__uuid__":"84YWN6Jt1NjJm/kDsiuP5y"},{"__uuid__":"e4vzyxa4hKb7hgX+5SmXJj"},{"__uuid__":"e7sdRDv5BGq7fR7mmOq6DH"}],"overLabel":{"__id__":9},"moenyLabel":{"__id__":22},"moneyNode":{"__id__":66},"overScene":{"__id__":4},"overScaleNode":{"__id__":7},"light":{"__id__":6},"guide":{"__id__":25},"titleNode":{"__id__":18},"overBtn":{"__id__":13}},{"__type__":"1b8aeZfh99FFIP3I6qZN8nV","node":{"__id__":2},"shooter":{"__id__":29},"touchTarget":{"__id__":2}},{"__type__":"8f51bP6K6hKF7D9C1kye8Mp","node":{"__id__":2}},{"__type__":"cc.AudioSource","node":{"__id__":2},"_clip":{"__uuid__":"a0WubQb4FN2IGslvyXb1ri"},"_volume":0.6,"_loop":true,"playOnLoad":true}],"_id":"7ba0DnCJpGaKkLUwaLBF3b","_contentSize":{"__type__":"cc.Size","width":720,"height":1280},"_position":{"__type__":"cc.Vec2","x":360,"y":640}},{"__type__":"cc.Node","_name":"Main Camera","_parent":{"__id__":2},"_components":[{"__type__":"cc.Camera","node":{"__id__":3}}]},{"__type__":"cc.Node","_name":"OverScene","_parent":{"__id__":2},"_children":[{"__id__":5},{"__id__":6},{"__id__":7},{"__id__":13}],"_components":[{"__type__":"cc.Widget","node":{"__id__":4},"isAlignOnce":false,"_alignFlags":45}],"_contentSize":{"__type__":"cc.Size","width":720,"height":1280}},{"__type__":"cc.Node","_name":"mask","_parent":{"__id__":4},"_components":[{"__type__":"cc.Sprite","node":{"__id__":5},"_spriteFrame":{"__uuid__":"a2MjXRFdtLlYQ5ouAFv/+R"},"_sizeMode":0},{"__type__":"cc.Widget","node":{"__id__":5},"isAlignOnce":false,"_alignFlags":45,"_originalWidth":100,"_originalHeight":100}],"_opacity":190,"_color":{"__type__":"cc.Color"},"_contentSize":{"__type__":"cc.Size","width":720,"height":1280}},{"__type__":"cc.Node","_name":"light","_parent":{"__id__":4},"_components":[{"__type__":"cc.Sprite","node":{"__id__":6},"_spriteFrame":{"__uuid__":"f7XNx5lwBBRKMPDsWZp1JK"}}],"_contentSize":{"__type__":"cc.Size","width":460,"height":461},"_scaleX":2,"_scaleY":2},{"__type__":"cc.Node","_name":"red","_parent":{"__id__":4},"_children":[{"__id__":8},{"__id__":10},{"__id__":11},{"__id__":12}],"_components":[{"__type__":"cc.Sprite","node":{"__id__":7},"_spriteFrame":{"__uuid__":"a3p6IWClJO9ptjGmO8uokH"}}],"_contentSize":{"__type__":"cc.Size","width":526,"height":656},"_scaleX":1.2,"_scaleY":1.2},{"__type__":"cc.Node","_name":"New Label","_parent":{"__id__":7},"_components":[{"__id__":9}],"_color":{"__type__":"cc.Color","r":253,"g":197,"b":151},"_contentSize":{"__type__":"cc.Size","width":385,"height":120},"_position":{"__type__":"cc.Vec2","x":-3,"y":66}},{"__type__":"cc.Label","node":{"__id__":8},"_useOriginalSize":false,"_actualFontSize":110,"_fontSize":110,"_lineHeight":120,"_N$string":"￥90.00","_N$horizontalAlign":1,"_N$verticalAlign":1},{"__type__":"cc.Node","_name":"New Label","_parent":{"__id__":7},"_active":false,"_components":[{"__type__":"cc.Label","node":{"__id__":10},"_useOriginalSize":false,"_lineHeight":60,"_N$string":"下载APP领取","_N$horizontalAlign":1,"_N$verticalAlign":1}],"_color":{"__type__":"cc.Color","r":253,"g":197,"b":151},"_contentSize":{"__type__":"cc.Size","width":240,"height":60},"_position":{"__type__":"cc.Vec2","y":-289}},{"__type__":"cc.Node","_name":"New Label","_parent":{"__id__":7},"_components":[{"__type__":"cc.Label","node":{"__id__":11},"_useOriginalSize":false,"_actualFontSize":100,"_fontSize":100,"_lineHeight":110,"_N$string":"￥","_N$horizontalAlign":1,"_N$verticalAlign":1}],"_color":{"__type__":"cc.Color","r":255,"b":41},"_contentSize":{"__type__":"cc.Size","width":100,"height":110},"_position":{"__type__":"cc.Vec2","y":-139}},{"__type__":"cc.Node","_name":"New Label","_parent":{"__id__":7},"_components":[{"__type__":"cc.Label","node":{"__id__":12},"_useOriginalSize":false,"_actualFontSize":80,"_fontSize":80,"_lineHeight":120,"_N$string":"新人有礼","_N$horizontalAlign":1,"_N$verticalAlign":1}],"_color":{"__type__":"cc.Color","r":253,"g":197,"b":151},"_contentSize":{"__type__":"cc.Size","width":320,"height":120},"_position":{"__type__":"cc.Vec2","y":257}},{"__type__":"cc.Node","_name":"dow","_parent":{"__id__":4},"_children":[{"__id__":14},{"__id__":15}],"_components":[{"__type__":"cc.Sprite","node":{"__id__":13},"_spriteFrame":{"__uuid__":"4d1+QLWjFPWI3F6oTZF5A0"}},{"__type__":"04813/aVMlCpoV8DY1V745Q","node":{"__id__":13}}],"_contentSize":{"__type__":"cc.Size","width":332,"height":91},"_position":{"__type__":"cc.Vec2","y":-505}},{"__type__":"cc.Node","_name":"mask","_parent":{"__id__":13},"_components":[{"__type__":"cc.Sprite","node":{"__id__":14},"_spriteFrame":{"__uuid__":"a2MjXRFdtLlYQ5ouAFv/+R"},"_sizeMode":0}],"_contentSize":{"__type__":"cc.Size","width":100,"height":100},"_scaleX":2.66,"_scaleY":0.61},{"__type__":"cc.Node","_name":"New Label","_parent":{"__id__":13},"_components":[{"__type__":"cc.Label","node":{"__id__":15},"_useOriginalSize":false,"_actualFontSize":50,"_fontSize":50,"_lineHeight":55,"_N$string":"下载有礼","_N$horizontalAlign":1,"_N$verticalAlign":1}],"_color":{"__type__":"cc.Color","r":222,"g":19,"b":54},"_contentSize":{"__type__":"cc.Size","width":200,"height":55}},{"__type__":"cc.Node","_name":"bg","_parent":{"__id__":2},"_children":[{"__id__":17},{"__id__":20},{"__id__":21},{"__id__":23},{"__id__":24},{"__id__":25}],"_components":[{"__type__":"cc.Sprite","node":{"__id__":16},"_spriteFrame":{"__uuid__":"f1H8tQeAZEKJnPBWmv0KPo"}},{"__type__":"cc.Widget","node":{"__id__":16},"isAlignOnce":false,"_alignFlags":45,"_originalWidth":720,"_originalHeight":1280}],"_contentSize":{"__type__":"cc.Size","width":720,"height":1280}},{"__type__":"cc.Node","_name":"yue","_parent":{"__id__":16},"_children":[{"__id__":18},{"__id__":19}],"_components":[{"__type__":"cc.Sprite","node":{"__id__":17},"_spriteFrame":{"__uuid__":"dacjsMkZBGQIfMOHi5IwYF"}}],"_contentSize":{"__type__":"cc.Size","width":686,"height":276},"_position":{"__type__":"cc.Vec2","y":490}},{"__type__":"cc.Node","_name":"New Sprite(Splash)","_parent":{"__id__":17},"_components":[{"__type__":"cc.Sprite","node":{"__id__":18},"_spriteFrame":{"__uuid__":"a2MjXRFdtLlYQ5ouAFv/+R"},"_sizeMode":0}],"_color":{"__type__":"cc.Color","r":66,"g":176,"b":54},"_contentSize":{"__type__":"cc.Size","width":100,"height":100},"_scaleX":3.82,"_scaleY":0.54,"_position":{"__type__":"cc.Vec2","y":-91}},{"__type__":"cc.Node","_name":"New Label","_parent":{"__id__":17},"_components":[{"__type__":"cc.Label","node":{"__id__":19},"_useOriginalSize":false,"_N$string":"下载APP","_N$horizontalAlign":1,"_N$verticalAlign":1}],"_contentSize":{"__type__":"cc.Size","width":160,"height":40},"_position":{"__type__":"cc.Vec2","y":-90}},{"__type__":"cc.Node","_name":"r_03","_parent":{"__id__":16},"_components":[{"__type__":"cc.Sprite","node":{"__id__":20},"_spriteFrame":{"__uuid__":"a6gpjS+kpLGJ8zjnZsASBe"}}],"_contentSize":{"__type__":"cc.Size","width":647,"height":849},"_position":{"__type__":"cc.Vec2","y":-208}},{"__type__":"cc.Node","_name":"New Label","_parent":{"__id__":16},"_components":[{"__id__":22}],"_contentSize":{"__type__":"cc.Size","width":315,"height":85},"_position":{"__type__":"cc.Vec2","y":488}},{"__type__":"cc.Label","node":{"__id__":21},"_useOriginalSize":false,"_actualFontSize":80,"_fontSize":80,"_lineHeight":85,"_N$file":{"__uuid__":"a5uqzPwZlPtJ6sx4eLy3Ik"},"_isSystemFontUsed":false,"_N$string":"￥88.00","_N$horizontalAlign":1,"_N$verticalAlign":1},{"__type__":"cc.Node","_name":"cashout","_parent":{"__id__":16},"_active":false,"_components":[{"__type__":"cc.Sprite","node":{"__id__":23},"_spriteFrame":{"__uuid__":"b8xr9EtopHN6hu7LfvPTPS"}}],"_contentSize":{"__type__":"cc.Size","width":288,"height":110},"_position":{"__type__":"cc.Vec2","y":-573}},{"__type__":"cc.Node","_name":"New Label","_parent":{"__id__":16},"_active":false,"_components":[{"__type__":"cc.Label","node":{"__id__":24},"_useOriginalSize":false,"_actualFontSize":60,"_fontSize":60,"_lineHeight":60,"_N$file":{"__uuid__":"a5uqzPwZlPtJ6sx4eLy3Ik"},"_isSystemFontUsed":false,"_N$string":"击中相同数字的小球\n即可赢得大红包！","_N$horizontalAlign":1,"_N$verticalAlign":1},{"__type__":"cc.LabelOutline","node":{"__id__":24},"_width":2},{"__type__":"04813/aVMlCpoV8DY1V745Q","node":{"__id__":24}}],"_color":{"__type__":"cc.Color","r":255},"_contentSize":{"__type__":"cc.Size","width":540,"height":120},"_position":{"__type__":"cc.Vec2","y":274}},{"__type__":"cc.Node","_name":"guide","_parent":{"__id__":16},"_children":[{"__id__":26},{"__id__":27}],"_components":[{"__type__":"cc.Widget","node":{"__id__":25},"isAlignOnce":false,"_alignFlags":45}],"_contentSize":{"__type__":"cc.Size","width":720,"height":1280}},{"__type__":"cc.Node","_name":"shooter","_parent":{"__id__":25},"_components":[{"__type__":"cc.Sprite","node":{"__id__":26},"_spriteFrame":{"__uuid__":"74Od7rKxdAeanlu6+4B91a"}},{"__type__":"cdcefaE9wBOH6SsDiJ8sEYa","node":{"__id__":26}}],"_anchorPoint":{"__type__":"cc.Vec2","x":0.5},"_contentSize":{"__type__":"cc.Size","width":13,"height":194},"_position":{"__type__":"cc.Vec2","x":7.8,"y":-231.9}},{"__type__":"cc.Node","_name":"hand","_parent":{"__id__":25},"_components":[{"__type__":"cc.Sprite","node":{"__id__":27},"_spriteFrame":{"__uuid__":"f3AQxUmNhFaoldPKd+jM6P"}},{"__type__":"05fcccIG9lC+qTaX3tCmKzR","node":{"__id__":27}}],"_anchorPoint":{"__type__":"cc.Vec2","y":1},"_contentSize":{"__type__":"cc.Size","width":97,"height":97},"_position":{"__type__":"cc.Vec2","x":-3.2,"y":-36.9}},{"__type__":"cc.Node","_name":"shooterLayer","_parent":{"__id__":2},"_children":[{"__id__":29},{"__id__":30}],"_contentSize":{"__type__":"cc.Size","width":75,"height":75},"_position":{"__type__":"cc.Vec2","x":7.8,"y":-231.4}},{"__type__":"cc.Node","_name":"shooter","_parent":{"__id__":28},"_components":[{"__type__":"cc.Sprite","node":{"__id__":29},"_spriteFrame":{"__uuid__":"74Od7rKxdAeanlu6+4B91a"}}],"_anchorPoint":{"__type__":"cc.Vec2","x":0.5},"_contentSize":{"__type__":"cc.Size","width":13,"height":194},"_position":{"__type__":"cc.Vec2","x":-0.1,"y":-1.3}},{"__type__":"cc.Node","_name":"shooterBubble","_parent":{"__id__":28},"_children":[{"__id__":31}],"_components":[{"__type__":"cc.Sprite","node":{"__id__":30},"_spriteFrame":{"__uuid__":"84YWN6Jt1NjJm/kDsiuP5y"}},{"__type__":"cc.RigidBody","node":{"__id__":30},"_gravityScale":0,"enabledContactListener":true},{"__type__":"cc.PhysicsCircleCollider","node":{"__id__":30},"_radius":38},{"__type__":"a5ac8R3OWxMzaK/kbO1lwmA","node":{"__id__":30}}],"_prefab":{"__type__":"cc.PrefabInfo","root":{"__id__":30},"asset":{"__uuid__":"7b1OOjAWBMqavAX4yHwSG5"},"fileId":"7d7n4X6C5CToB8DA3ZcOTQ"},"_contentSize":{"__type__":"cc.Size","width":75,"height":75}},{"__type__":"cc.Node","_name":"Effect","_parent":{"__id__":30},"_components":[{"__type__":"cc.Sprite","node":{"__id__":31}},{"__type__":"cc.Animation","node":{"__id__":31},"_defaultClip":{"__uuid__":"4bXdTGhhJAGo3IqSkh+bFS"},"_clips":[{"__uuid__":"4bXdTGhhJAGo3IqSkh+bFS"}]}],"_prefab":{"__type__":"cc.PrefabInfo","root":{"__id__":30},"asset":{"__uuid__":"7b1OOjAWBMqavAX4yHwSG5"},"fileId":"f8GU3eAEZFHZo9wnI3uLcS"}},{"__type__":"cc.Node","_name":"bubbleLayer","_parent":{"__id__":2},"_children":[{"__id__":33}],"_components":[{"__type__":"e4186SLZ19FRp8d0/oXl3qY","node":{"__id__":32}}]},{"__type__":"cc.Node","_name":"bubbleOne","_parent":{"__id__":32},"_children":[{"__id__":34}],"_components":[{"__type__":"cc.Sprite","node":{"__id__":33},"_spriteFrame":{"__uuid__":"84YWN6Jt1NjJm/kDsiuP5y"}},{"__type__":"cc.RigidBody","node":{"__id__":33},"_gravityScale":0,"enabledContactListener":true},{"__type__":"cc.PhysicsCircleCollider","node":{"__id__":33},"_radius":38},{"__type__":"e4186SLZ19FRp8d0/oXl3qY","node":{"__id__":33}}],"_prefab":{"__type__":"cc.PrefabInfo","root":{"__id__":33},"asset":{"__uuid__":"46Agk6zdZJ14Jlyd+WYJ/R"},"fileId":"5a149Oe6JEkZOq4sWTKrhd"},"_contentSize":{"__type__":"cc.Size","width":75,"height":75},"_position":{"__type__":"cc.Vec2","x":-460,"y":-761}},{"__type__":"cc.Node","_name":"Dot","_parent":{"__id__":33},"_children":[{"__id__":35}],"_active":false,"_components":[{"__type__":"cc.Mask","node":{"__id__":34},"_type":1}],"_prefab":{"__type__":"cc.PrefabInfo","root":{"__id__":33},"asset":{"__uuid__":"46Agk6zdZJ14Jlyd+WYJ/R"},"fileId":"813ea1BttBr77jcdQJPeWj"},"_contentSize":{"__type__":"cc.Size","width":10,"height":10}},{"__type__":"cc.Node","_name":"Color","_parent":{"__id__":34},"_components":[{"__type__":"cc.Sprite","node":{"__id__":35},"_spriteFrame":{"__uuid__":"a2MjXRFdtLlYQ5ouAFv/+R"},"_sizeMode":0}],"_prefab":{"__type__":"cc.PrefabInfo","root":{"__id__":33},"asset":{"__uuid__":"46Agk6zdZJ14Jlyd+WYJ/R"},"fileId":"eeIyBbt29Fjog695cx5X04"},"_color":{"__type__":"cc.Color","r":255,"b":10},"_contentSize":{"__type__":"cc.Size","width":10,"height":10}},{"__type__":"cc.Node","_name":"graphics","_parent":{"__id__":2},"_children":[{"__id__":37},{"__id__":39},{"__id__":41},{"__id__":54},{"__id__":56},{"__id__":44},{"__id__":50},{"__id__":52},{"__id__":46},{"__id__":48}],"_components":[{"__type__":"cc.Graphics","node":{"__id__":36},"_enabled":false,"_lineWidth":4,"_strokeColor":{"__type__":"cc.Color","b":255}},{"__type__":"26c4bGxYmpKxI4NUYLBdB4m","node":{"__id__":36},"bezierActions":[{"__id__":43},{"__id__":45},{"__id__":47}],"actionNode":{"__id__":32},"duration":3,"mergeHolder":{"__id__":58},"dotPrefab":{"__uuid__":"16M1M8iMhFw5VTsRJDtbLB"},"controlPointPrefab":{"__uuid__":"f9DL0pzGdBVLc+uQ3vU5Yr"},"keyPointPrefab":{"__uuid__":"a91/shk71DS7oow4Sgcu/0"},"bubblePre":{"__uuid__":"46Agk6zdZJ14Jlyd+WYJ/R"}}]},{"__type__":"cc.Node","_name":"p1","_parent":{"__id__":36},"_children":[{"__id__":38}],"_active":false,"_components":[{"__type__":"cc.Sprite","node":{"__id__":37},"_spriteFrame":{"__uuid__":"a2MjXRFdtLlYQ5ouAFv/+R"},"_sizeMode":0},{"__type__":"f5b39rXIJJEn5FpJs1GZju3","node":{"__id__":37}}],"_contentSize":{"__type__":"cc.Size","width":20,"height":20},"_position":{"__type__":"cc.Vec2","x":116,"y":3}},{"__type__":"cc.Node","_name":"Label","_parent":{"__id__":37},"_components":[{"__type__":"cc.Label","node":{"__id__":38},"_useOriginalSize":false,"_actualFontSize":12,"_fontSize":12,"_lineHeight":20,"_N$string":"p1","_N$horizontalAlign":1,"_N$verticalAlign":1}],"_contentSize":{"__type__":"cc.Size","width":14,"height":20},"_position":{"__type__":"cc.Vec2","y":22}},{"__type__":"cc.Node","_name":"p2","_parent":{"__id__":36},"_children":[{"__id__":40}],"_active":false,"_components":[{"__type__":"cc.Sprite","node":{"__id__":39},"_spriteFrame":{"__uuid__":"a2MjXRFdtLlYQ5ouAFv/+R"},"_sizeMode":0},{"__type__":"f5b39rXIJJEn5FpJs1GZju3","node":{"__id__":39}}],"_contentSize":{"__type__":"cc.Size","width":20,"height":20},"_position":{"__type__":"cc.Vec2","x":-63,"y":26.1}},{"__type__":"cc.Node","_name":"Label","_parent":{"__id__":39},"_components":[{"__type__":"cc.Label","node":{"__id__":40},"_useOriginalSize":false,"_actualFontSize":12,"_fontSize":12,"_lineHeight":20,"_N$string":"p2","_N$horizontalAlign":1,"_N$verticalAlign":1}],"_contentSize":{"__type__":"cc.Size","width":14,"height":20},"_position":{"__type__":"cc.Vec2","y":22}},{"__type__":"cc.Node","_name":"StartPoint","_parent":{"__id__":36},"_children":[{"__id__":42}],"_active":false,"_components":[{"__type__":"cc.Sprite","node":{"__id__":41},"_spriteFrame":{"__uuid__":"a2MjXRFdtLlYQ5ouAFv/+R"},"_sizeMode":0},{"__id__":43},{"__type__":"f5b39rXIJJEn5FpJs1GZju3","node":{"__id__":41}}],"_color":{"__type__":"cc.Color","r":255},"_contentSize":{"__type__":"cc.Size","width":20,"height":20},"_position":{"__type__":"cc.Vec2","x":199.2,"y":-97.6}},{"__type__":"cc.Node","_name":"Text","_parent":{"__id__":41},"_components":[{"__type__":"cc.Label","node":{"__id__":42},"_useOriginalSize":false,"_actualFontSize":20,"_fontSize":20,"_lineHeight":30,"_N$string":"Start","_N$horizontalAlign":1,"_N$verticalAlign":1}],"_contentSize":{"__type__":"cc.Size","width":42,"height":30},"_position":{"__type__":"cc.Vec2","y":-24}},{"__type__":"59f1b9yM81OPIiLFCYaSvRz","node":{"__id__":41},"target":{"__id__":44},"ctrls":[{"__id__":37},{"__id__":39}]},{"__type__":"cc.Node","_name":"MiddlePoint","_parent":{"__id__":36},"_active":false,"_components":[{"__type__":"cc.Sprite","node":{"__id__":44},"_spriteFrame":{"__uuid__":"a2MjXRFdtLlYQ5ouAFv/+R"},"_sizeMode":0},{"__id__":45},{"__type__":"f5b39rXIJJEn5FpJs1GZju3","node":{"__id__":44}}],"_color":{"__type__":"cc.Color","r":255},"_contentSize":{"__type__":"cc.Size","width":20,"height":20},"_position":{"__type__":"cc.Vec2","x":-209,"y":-125.2}},{"__type__":"59f1b9yM81OPIiLFCYaSvRz","node":{"__id__":44},"target":{"__id__":46},"ctrls":[{"__id__":54},{"__id__":56}]},{"__type__":"cc.Node","_name":"MiddlePoint2","_parent":{"__id__":36},"_active":false,"_components":[{"__type__":"cc.Sprite","node":{"__id__":46},"_spriteFrame":{"__uuid__":"a2MjXRFdtLlYQ5ouAFv/+R"},"_sizeMode":0},{"__id__":47},{"__type__":"f5b39rXIJJEn5FpJs1GZju3","node":{"__id__":46}}],"_color":{"__type__":"cc.Color","r":255},"_contentSize":{"__type__":"cc.Size","width":20,"height":20},"_position":{"__type__":"cc.Vec2","x":-200,"y":-358}},{"__type__":"59f1b9yM81OPIiLFCYaSvRz","node":{"__id__":46},"target":{"__id__":48},"ctrls":[{"__id__":50},{"__id__":52}]},{"__type__":"cc.Node","_name":"EndPoint","_parent":{"__id__":36},"_children":[{"__id__":49}],"_active":false,"_components":[{"__type__":"cc.Sprite","node":{"__id__":48},"_spriteFrame":{"__uuid__":"a2MjXRFdtLlYQ5ouAFv/+R"},"_sizeMode":0},{"__type__":"f5b39rXIJJEn5FpJs1GZju3","node":{"__id__":48}}],"_color":{"__type__":"cc.Color","g":255},"_contentSize":{"__type__":"cc.Size","width":20,"height":20},"_position":{"__type__":"cc.Vec2","x":168,"y":-385}},{"__type__":"cc.Node","_name":"Text","_parent":{"__id__":48},"_components":[{"__type__":"cc.Label","node":{"__id__":49},"_useOriginalSize":false,"_actualFontSize":20,"_fontSize":20,"_lineHeight":30,"_N$string":"End","_N$horizontalAlign":1,"_N$verticalAlign":1}],"_contentSize":{"__type__":"cc.Size","width":36,"height":30},"_position":{"__type__":"cc.Vec2","y":24}},{"__type__":"cc.Node","_name":"p1","_parent":{"__id__":36},"_children":[{"__id__":51}],"_active":false,"_components":[{"__type__":"cc.Sprite","node":{"__id__":50},"_spriteFrame":{"__uuid__":"a2MjXRFdtLlYQ5ouAFv/+R"},"_sizeMode":0},{"__type__":"f5b39rXIJJEn5FpJs1GZju3","node":{"__id__":50}}],"_contentSize":{"__type__":"cc.Size","width":20,"height":20},"_position":{"__type__":"cc.Vec2","x":-83,"y":-449}},{"__type__":"cc.Node","_name":"Label","_parent":{"__id__":50},"_components":[{"__type__":"cc.Label","node":{"__id__":51},"_useOriginalSize":false,"_actualFontSize":12,"_fontSize":12,"_lineHeight":20,"_N$string":"p1","_N$horizontalAlign":1,"_N$verticalAlign":1}],"_contentSize":{"__type__":"cc.Size","width":14,"height":20},"_position":{"__type__":"cc.Vec2","y":22}},{"__type__":"cc.Node","_name":"p2","_parent":{"__id__":36},"_children":[{"__id__":53}],"_active":false,"_components":[{"__type__":"cc.Sprite","node":{"__id__":52},"_spriteFrame":{"__uuid__":"a2MjXRFdtLlYQ5ouAFv/+R"},"_sizeMode":0},{"__type__":"f5b39rXIJJEn5FpJs1GZju3","node":{"__id__":52}}],"_contentSize":{"__type__":"cc.Size","width":20,"height":20},"_position":{"__type__":"cc.Vec2","x":34,"y":-462}},{"__type__":"cc.Node","_name":"Label","_parent":{"__id__":52},"_components":[{"__type__":"cc.Label","node":{"__id__":53},"_useOriginalSize":false,"_actualFontSize":12,"_fontSize":12,"_lineHeight":20,"_N$string":"p2","_N$horizontalAlign":1,"_N$verticalAlign":1}],"_contentSize":{"__type__":"cc.Size","width":14,"height":20},"_position":{"__type__":"cc.Vec2","y":22}},{"__type__":"cc.Node","_name":"p1","_parent":{"__id__":36},"_children":[{"__id__":55}],"_active":false,"_components":[{"__type__":"cc.Sprite","node":{"__id__":54},"_spriteFrame":{"__uuid__":"a2MjXRFdtLlYQ5ouAFv/+R"},"_sizeMode":0},{"__type__":"f5b39rXIJJEn5FpJs1GZju3","node":{"__id__":54}}],"_contentSize":{"__type__":"cc.Size","width":20,"height":20},"_position":{"__type__":"cc.Vec2","x":-244,"y":-235}},{"__type__":"cc.Node","_name":"Label","_parent":{"__id__":54},"_components":[{"__type__":"cc.Label","node":{"__id__":55},"_useOriginalSize":false,"_actualFontSize":12,"_fontSize":12,"_lineHeight":20,"_N$string":"p1","_N$horizontalAlign":1,"_N$verticalAlign":1}],"_contentSize":{"__type__":"cc.Size","width":14,"height":20},"_position":{"__type__":"cc.Vec2","y":22}},{"__type__":"cc.Node","_name":"p2","_parent":{"__id__":36},"_children":[{"__id__":57}],"_active":false,"_components":[{"__type__":"cc.Sprite","node":{"__id__":56},"_spriteFrame":{"__uuid__":"a2MjXRFdtLlYQ5ouAFv/+R"},"_sizeMode":0},{"__type__":"f5b39rXIJJEn5FpJs1GZju3","node":{"__id__":56}}],"_contentSize":{"__type__":"cc.Size","width":20,"height":20},"_position":{"__type__":"cc.Vec2","x":-196,"y":-361}},{"__type__":"cc.Node","_name":"Label","_parent":{"__id__":56},"_components":[{"__type__":"cc.Label","node":{"__id__":57},"_useOriginalSize":false,"_actualFontSize":12,"_fontSize":12,"_lineHeight":20,"_N$string":"p2","_N$horizontalAlign":1,"_N$verticalAlign":1}],"_contentSize":{"__type__":"cc.Size","width":14,"height":20},"_position":{"__type__":"cc.Vec2","y":22}},{"__type__":"cc.Node","_name":"MergeHolder","_parent":{"__id__":2}},{"__type__":"cc.Node","_name":"ButtonHolder","_parent":{"__id__":2},"_children":[{"__id__":60},{"__id__":62},{"__id__":64}],"_active":false,"_components":[{"__type__":"cc.Layout","node":{"__id__":59},"_layoutSize":{"__type__":"cc.Size","width":100,"height":100},"_resize":1,"_N$layoutType":1,"_N$spacingX":20},{"__type__":"cc.Widget","node":{"__id__":59},"_alignFlags":4,"_bottom":50}],"_contentSize":{"__type__":"cc.Size","width":100,"height":100},"_position":{"__type__":"cc.Vec2","y":-540}},{"__type__":"cc.Node","_name":"AddButton","_parent":{"__id__":59},"_children":[{"__id__":61}],"_active":false,"_components":[{"__type__":"cc.Sprite","node":{"__id__":60},"_spriteFrame":{"__uuid__":"f0BIwQ8D5Ml7nTNQbh1YlS"},"_type":1,"_sizeMode":0},{"__type__":"cc.Button","node":{"__id__":60},"transition":2,"pressedColor":{"__type__":"cc.Color","r":255,"g":255,"b":255},"clickEvents":[{"__type__":"cc.ClickEvent","target":{"__id__":36},"component":"BezierDraw","handler":"addPoint"}],"_N$normalColor":{"__type__":"cc.Color","r":255,"g":255,"b":255},"_N$disabledColor":{"__type__":"cc.Color","r":255,"g":255,"b":255},"_N$normalSprite":{"__uuid__":"f0BIwQ8D5Ml7nTNQbh1YlS"},"_N$pressedSprite":{"__uuid__":"e97GVMl6JHh5Ml5qEDdSGa"},"pressedSprite":{"__uuid__":"e97GVMl6JHh5Ml5qEDdSGa"},"_N$hoverSprite":{"__uuid__":"e97GVMl6JHh5Ml5qEDdSGa"},"hoverSprite":{"__uuid__":"e97GVMl6JHh5Ml5qEDdSGa"},"_N$disabledSprite":{"__uuid__":"29FYIk+N1GYaeWH/q1NxQO"},"_N$target":{"__id__":60}}],"_contentSize":{"__type__":"cc.Size","width":100,"height":40},"_position":{"__type__":"cc.Vec2","x":-120}},{"__type__":"cc.Node","_name":"Label","_parent":{"__id__":60},"_components":[{"__type__":"cc.Label","node":{"__id__":61},"_useOriginalSize":false,"_actualFontSize":20,"_fontSize":20,"_enableWrapText":false,"_N$string":"add","_N$horizontalAlign":1,"_N$verticalAlign":1,"_N$overflow":1}],"_color":{"__type__":"cc.Color"},"_contentSize":{"__type__":"cc.Size","width":100,"height":40}},{"__type__":"cc.Node","_name":"PlayButton","_parent":{"__id__":59},"_children":[{"__id__":63}],"_active":false,"_components":[{"__type__":"cc.Sprite","node":{"__id__":62},"_spriteFrame":{"__uuid__":"f0BIwQ8D5Ml7nTNQbh1YlS"},"_type":1,"_sizeMode":0},{"__type__":"cc.Button","node":{"__id__":62},"transition":2,"pressedColor":{"__type__":"cc.Color","r":255,"g":255,"b":255},"clickEvents":[{"__type__":"cc.ClickEvent","target":{"__id__":36},"component":"BezierDraw","handler":"playBezierAction"}],"_N$normalColor":{"__type__":"cc.Color","r":255,"g":255,"b":255},"_N$disabledColor":{"__type__":"cc.Color","r":255,"g":255,"b":255},"_N$normalSprite":{"__uuid__":"f0BIwQ8D5Ml7nTNQbh1YlS"},"_N$pressedSprite":{"__uuid__":"e97GVMl6JHh5Ml5qEDdSGa"},"pressedSprite":{"__uuid__":"e97GVMl6JHh5Ml5qEDdSGa"},"_N$hoverSprite":{"__uuid__":"e97GVMl6JHh5Ml5qEDdSGa"},"hoverSprite":{"__uuid__":"e97GVMl6JHh5Ml5qEDdSGa"},"_N$disabledSprite":{"__uuid__":"29FYIk+N1GYaeWH/q1NxQO"},"_N$target":{"__id__":62}}],"_contentSize":{"__type__":"cc.Size","width":100,"height":40}},{"__type__":"cc.Node","_name":"Label","_parent":{"__id__":62},"_components":[{"__type__":"cc.Label","node":{"__id__":63},"_useOriginalSize":false,"_actualFontSize":20,"_fontSize":20,"_enableWrapText":false,"_N$string":"play","_N$horizontalAlign":1,"_N$verticalAlign":1,"_N$overflow":1}],"_color":{"__type__":"cc.Color"},"_contentSize":{"__type__":"cc.Size","width":100,"height":40}},{"__type__":"cc.Node","_name":"MergePlayButton","_parent":{"__id__":59},"_children":[{"__id__":65}],"_components":[{"__type__":"cc.Sprite","node":{"__id__":64},"_spriteFrame":{"__uuid__":"f0BIwQ8D5Ml7nTNQbh1YlS"},"_type":1,"_sizeMode":0},{"__type__":"cc.Button","node":{"__id__":64},"transition":2,"pressedColor":{"__type__":"cc.Color","r":255,"g":255,"b":255},"clickEvents":[{"__type__":"cc.ClickEvent","target":{"__id__":36},"component":"BezierDraw","handler":"playMergeBezierAction"}],"_N$normalColor":{"__type__":"cc.Color","r":255,"g":255,"b":255},"_N$disabledColor":{"__type__":"cc.Color","r":255,"g":255,"b":255},"_N$normalSprite":{"__uuid__":"f0BIwQ8D5Ml7nTNQbh1YlS"},"_N$pressedSprite":{"__uuid__":"e97GVMl6JHh5Ml5qEDdSGa"},"pressedSprite":{"__uuid__":"e97GVMl6JHh5Ml5qEDdSGa"},"_N$hoverSprite":{"__uuid__":"e97GVMl6JHh5Ml5qEDdSGa"},"hoverSprite":{"__uuid__":"e97GVMl6JHh5Ml5qEDdSGa"},"_N$disabledSprite":{"__uuid__":"29FYIk+N1GYaeWH/q1NxQO"},"_N$target":{"__id__":64}}],"_contentSize":{"__type__":"cc.Size","width":100,"height":40}},{"__type__":"cc.Node","_name":"Label","_parent":{"__id__":64},"_components":[{"__type__":"cc.Label","node":{"__id__":65},"_useOriginalSize":false,"_actualFontSize":20,"_fontSize":20,"_enableWrapText":false,"_N$string":"merge play","_N$horizontalAlign":1,"_N$verticalAlign":1,"_N$overflow":1}],"_color":{"__type__":"cc.Color"},"_contentSize":{"__type__":"cc.Size","width":100,"height":40}},{"__type__":"cc.Node","_name":"hb","_parent":{"__id__":2},"_components":[{"__type__":"cc.Sprite","node":{"__id__":66},"_spriteFrame":{"__uuid__":"6eDkNkn3ZGAp5udli5Prdi"}}],"_opacity":0,"_contentSize":{"__type__":"cc.Size","width":117,"height":137},"_scaleX":0.7,"_scaleY":0.7}],{"__type__":"cc.SpriteFrame","content":{"name":"default_btn_disabled","texture":"71VhFCTINJM6/Ky3oX9nBT","rect":[0,0,40,40],"offset":[0,0],"originalSize":[40,40],"capInsets":[15,7,15,9]}},{"__type__":"cc.SpriteFrame","content":{"name":"00","texture":"e7pkE6U9FAoI9h7FAisQdJ","rect":[133,119,139,152],"offset":[-9.5,0],"originalSize":[424,390]}},[{"__type__":"cc.Prefab","_name":"bubble","data":{"__id__":1},"asyncLoadAssets":null},{"__type__":"cc.Node","_name":"bubbleOne","_children":[{"__id__":2}],"_components":[{"__type__":"cc.Sprite","node":{"__id__":1},"_spriteFrame":{"__uuid__":"84YWN6Jt1NjJm/kDsiuP5y"}},{"__type__":"cc.RigidBody","node":{"__id__":1},"_gravityScale":0,"enabledContactListener":true},{"__type__":"cc.PhysicsCircleCollider","node":{"__id__":1},"_radius":38},{"__type__":"e4186SLZ19FRp8d0/oXl3qY","node":{"__id__":1}}],"_prefab":{"__type__":"cc.PrefabInfo","root":{"__id__":1},"asset":{"__uuid__":"46Agk6zdZJ14Jlyd+WYJ/R"},"fileId":"5a149Oe6JEkZOq4sWTKrhd"},"_contentSize":{"__type__":"cc.Size","width":75,"height":75},"_position":{"__type__":"cc.Vec2","x":-460,"y":-761}},{"__type__":"cc.Node","_name":"Dot","_parent":{"__id__":1},"_children":[{"__id__":3}],"_active":false,"_components":[{"__type__":"cc.Mask","node":{"__id__":2},"_type":1}],"_prefab":{"__type__":"cc.PrefabInfo","root":{"__id__":1},"asset":{"__uuid__":"46Agk6zdZJ14Jlyd+WYJ/R"},"fileId":"813ea1BttBr77jcdQJPeWj"},"_contentSize":{"__type__":"cc.Size","width":10,"height":10}},{"__type__":"cc.Node","_name":"Color","_parent":{"__id__":2},"_components":[{"__type__":"cc.Sprite","node":{"__id__":3},"_spriteFrame":{"__uuid__":"a2MjXRFdtLlYQ5ouAFv/+R"},"_sizeMode":0}],"_prefab":{"__type__":"cc.PrefabInfo","root":{"__id__":1},"asset":{"__uuid__":"46Agk6zdZJ14Jlyd+WYJ/R"},"fileId":"eeIyBbt29Fjog695cx5X04"},"_color":{"__type__":"cc.Color","r":255,"b":10},"_contentSize":{"__type__":"cc.Size","width":10,"height":10}}],{"__type__":"cc.SpriteFrame","content":{"name":"04","texture":"eaRKkD4rBK3a4q1Aff2O1/","rect":[67,49,295,277],"offset":[2.5,7.5],"originalSize":[424,390]}},{"__type__":"cc.AnimationClip","_name":"Effect","_duration":0.2833333333333333,"speed":0.5,"curveData":{"comps":{"cc.Sprite":{"spriteFrame":[{"frame":0,"value":{"__uuid__":"2cl1RbPFlLbafHTgcEehb2"}},{"frame":0.03333333333333333,"value":{"__uuid__":"1c8FGOxvVB+6lkuebQxHWd"}},{"frame":0.06666666666666667,"value":{"__uuid__":"fcsss82LJL7bBYa6RK4Nfh"}},{"frame":0.1,"value":{"__uuid__":"61fjBOKDdK5YeYvZA2ZOAL"}},{"frame":0.13333333333333333,"value":{"__uuid__":"49ky5pVE9GYIN7eq73U1Wr"}},{"frame":0.16666666666666666,"value":{"__uuid__":"6fK5OZXAVCSaoJXH2O1AqS"}},{"frame":0.2,"value":{"__uuid__":"caUzY3TFNJcYlBx/oC2VLB"}},{"frame":0.23333333333333334,"value":{"__uuid__":"9cvJLK5LhJpYeqnHMU90XX"}},{"frame":0.26666666666666666,"value":null}]}}}},{"__type__":"cc.SpriteFrame","content":{"name":"dow","texture":"5aWA7+6jZPc4s5hXbIFXRL","rect":[1,0,332,91],"offset":[0.5,0.5],"originalSize":[333,92]}},{"__type__":"cc.SpriteFrame","content":{"name":"03","texture":"90nsfJXtxBIqw/Xq0HcRyQ","rect":[68,80,266,236],"offset":[-11,-3],"originalSize":[424,390]}},{"__type__":"cc.SpriteFrame","content":{"name":"hb","texture":"b4bhziPp5NAITEFfg2dnvt","rect":[10,0,117,137],"offset":[0,0],"originalSize":[137,137]}},{"__type__":"cc.SpriteFrame","content":{"name":"05","texture":"67avk7NitMQL9C3SblLFfY","rect":[58,52,318,279],"offset":[5,3.5],"originalSize":[424,390]}},{"__type__":"cc.SpriteFrame","content":{"name":"shooter","texture":"c2cQzAc9tB6YsS0w6Vn4Jn","rect":[0,0,13,194],"offset":[0,0],"originalSize":[13,194]}},[{"__type__":"cc.Prefab","_name":"shooterBubble","data":{"__id__":1},"asyncLoadAssets":null},{"__type__":"cc.Node","_name":"shooterBubble","_children":[{"__id__":2}],"_components":[{"__type__":"cc.Sprite","node":{"__id__":1},"_spriteFrame":{"__uuid__":"84YWN6Jt1NjJm/kDsiuP5y"}},{"__type__":"cc.RigidBody","node":{"__id__":1},"_gravityScale":0,"enabledContactListener":true},{"__type__":"cc.PhysicsCircleCollider","node":{"__id__":1},"_radius":38},{"__type__":"a5ac8R3OWxMzaK/kbO1lwmA","node":{"__id__":1}}],"_prefab":{"__type__":"cc.PrefabInfo","root":{"__id__":1},"asset":{"__uuid__":"7b1OOjAWBMqavAX4yHwSG5"},"fileId":"7d7n4X6C5CToB8DA3ZcOTQ"},"_contentSize":{"__type__":"cc.Size","width":75,"height":75},"_position":{"__type__":"cc.Vec2","y":-125.5}},{"__type__":"cc.Node","_name":"Effect","_parent":{"__id__":1},"_components":[{"__type__":"cc.Sprite","node":{"__id__":2}},{"__type__":"cc.Animation","node":{"__id__":2},"_defaultClip":{"__uuid__":"4bXdTGhhJAGo3IqSkh+bFS"},"_clips":[{"__uuid__":"4bXdTGhhJAGo3IqSkh+bFS"}]}],"_prefab":{"__type__":"cc.PrefabInfo","root":{"__id__":1},"asset":{"__uuid__":"7b1OOjAWBMqavAX4yHwSG5"},"fileId":"f8GU3eAEZFHZo9wnI3uLcS"}}],{"__type__":"cc.SpriteFrame","content":{"name":"2","texture":"85LwuDShJE9pef0TboaB8m","rect":[0,1,75,75],"offset":[-0.5,-0.5],"originalSize":[76,76]}},{"__type__":"cc.SpriteFrame","content":{"name":"07","texture":"973/R6BntFuKIOky/sGJwx","rect":[52,50,336,282],"offset":[8,4],"originalSize":[424,390]}},{"__type__":"cc.SpriteFrame","content":{"name":"256","texture":"59YgTZD+BFEIjnTN+lqYHU","rect":[0,1,75,75],"offset":[-0.5,-0.5],"originalSize":[76,76]}},{"__type__":"cc.SpriteFrame","content":{"name":"default_sprite_splash","texture":"02delMVqdBD70a/HSD99FK","rect":[0,0,2,2],"offset":[0,0],"originalSize":[2,2]}},{"__type__":"cc.SpriteFrame","content":{"name":"over","texture":"5ag4TQHclDwJ3njXXVcPAy","rect":[0,0,526,656],"offset":[0,0],"originalSize":[526,656]}},{"__type__":"cc.TTFFont","_name":"SuCaiJiShiKuFangTi-2","_rawFiles":["SuCaiJiShiKuFangTi-2.ttf"]},{"__type__":"cc.SpriteFrame","content":{"name":"d_03","texture":"7dQglIFhpG97hf4BF5jML3","rect":[0,0,647,849],"offset":[0,0.5],"originalSize":[647,850]}},[{"__type__":"cc.Prefab","_name":"PointKey","data":{"__id__":1},"asyncLoadAssets":null},{"__type__":"cc.Node","_name":"StartPoint","_children":[{"__id__":2}],"_components":[{"__type__":"cc.Sprite","node":{"__id__":1},"_spriteFrame":{"__uuid__":"a2MjXRFdtLlYQ5ouAFv/+R"},"_sizeMode":0},{"__type__":"59f1b9yM81OPIiLFCYaSvRz","node":{"__id__":1},"ctrls":[null,null]},{"__type__":"f5b39rXIJJEn5FpJs1GZju3","node":{"__id__":1}}],"_prefab":{"__type__":"cc.PrefabInfo","root":{"__id__":1},"asset":{"__uuid__":"a91/shk71DS7oow4Sgcu/0"},"fileId":"695ju14rBDHqtVK4CcqmPz"},"_color":{"__type__":"cc.Color","r":255},"_contentSize":{"__type__":"cc.Size","width":20,"height":20},"_position":{"__type__":"cc.Vec2","x":-1,"y":99}},{"__type__":"cc.Node","_name":"Text","_parent":{"__id__":1},"_components":[{"__type__":"cc.Label","node":{"__id__":2},"_useOriginalSize":false,"_actualFontSize":20,"_fontSize":20,"_lineHeight":30,"_N$string":"","_N$horizontalAlign":1,"_N$verticalAlign":1}],"_prefab":{"__type__":"cc.PrefabInfo","root":{"__id__":1},"asset":{"__uuid__":"a91/shk71DS7oow4Sgcu/0"},"fileId":"45LXSKplxE5IYr57JICKE5"},"_contentSize":{"__type__":"cc.Size","height":30},"_position":{"__type__":"cc.Vec2","y":-24}}],{"__type__":"cc.SpriteFrame","content":{"name":"cashout","texture":"16XRPpfsxLRKPGHkg7VvT8","rect":[1,0,288,110],"offset":[0.5,0],"originalSize":[289,110]}},{"__type__":"cc.SpriteFrame","content":{"name":"06","texture":"09dbn2DvlC44GVwMmUCSVJ","rect":[54,47,328,280],"offset":[6,8],"originalSize":[424,390]}},{"__type__":"cc.SpriteFrame","content":{"name":"64","texture":"d8QrLrStJHtaqP1NcFhSoh","rect":[0,1,75,75],"offset":[-0.5,-0.5],"originalSize":[76,76]}},{"__type__":"cc.SpriteFrame","content":{"name":"yue","texture":"d7KgIOOLlBSpZLFv/Rz/lT","rect":[0,0,686,276],"offset":[0,0],"originalSize":[686,276]}},{"__type__":"cc.SpriteFrame","content":{"name":"32","texture":"60PsT1C5BN6bWD92Ie0IP6","rect":[0,1,75,75],"offset":[-0.5,-0.5],"originalSize":[76,76]}},{"__type__":"cc.SpriteFrame","content":{"name":"4","texture":"f8gl57lz1K8Yxm5GVjaRAe","rect":[0,1,75,75],"offset":[-0.5,-0.5],"originalSize":[76,76]}},{"__type__":"cc.SpriteFrame","content":{"name":"128","texture":"06sj3el39KHrYlBi5JjX5G","rect":[0,1,75,75],"offset":[-0.5,-0.5],"originalSize":[76,76]}},{"__type__":"cc.SpriteFrame","content":{"name":"8","texture":"8c5gt3cfxBDqH10Xy+QaZY","rect":[0,1,75,75],"offset":[-0.5,-0.5],"originalSize":[76,76]}},{"__type__":"cc.SpriteFrame","content":{"name":"default_btn_pressed","texture":"b4P/PCArtIdIH38t6mlw8Y","rect":[0,0,40,40],"offset":[0,0],"originalSize":[40,40],"capInsets":[11,11,11,7]}},{"__type__":"cc.SpriteFrame","content":{"name":"default_btn_normal","texture":"e8Ueib+qJEhL6mXAHdnwbi","rect":[0,0,40,40],"offset":[0,0],"originalSize":[40,40],"capInsets":[8,11,7,9]}},{"__type__":"cc.SpriteFrame","content":{"name":"bg","texture":"2cCf7c3rlPFaqFVXdBXDuZ","rect":[0,0,720,1280],"offset":[0,0],"originalSize":[720,1280]}},{"__type__":"cc.SpriteFrame","content":{"name":"hand","texture":"1bQNgwstFB6oR0mODwa2Ot","rect":[1,0,97,97],"offset":[0.5,0],"originalSize":[98,97]}},{"__type__":"cc.SpriteFrame","content":{"name":"light","texture":"67VyY68YZMSYqy38njkYvT","rect":[2,0,460,461],"offset":[1,0.5],"originalSize":[462,462]}},[{"__type__":"cc.Prefab","_name":"PointControl","data":{"__id__":1},"asyncLoadAssets":null},{"__type__":"cc.Node","_name":"p1","_children":[{"__id__":2}],"_components":[{"__type__":"cc.Sprite","node":{"__id__":1},"_spriteFrame":{"__uuid__":"a2MjXRFdtLlYQ5ouAFv/+R"},"_sizeMode":0},{"__type__":"f5b39rXIJJEn5FpJs1GZju3","node":{"__id__":1}}],"_prefab":{"__type__":"cc.PrefabInfo","root":{"__id__":1},"asset":{"__uuid__":"f9DL0pzGdBVLc+uQ3vU5Yr"},"fileId":"7fBx4RtNNOeZdHwX60co7W"},"_contentSize":{"__type__":"cc.Size","width":20,"height":20},"_position":{"__type__":"cc.Vec2","y":198}},{"__type__":"cc.Node","_name":"Label","_parent":{"__id__":1},"_components":[{"__type__":"cc.Label","node":{"__id__":2},"_useOriginalSize":false,"_actualFontSize":12,"_fontSize":12,"_lineHeight":20,"_N$string":"cp","_N$horizontalAlign":1,"_N$verticalAlign":1}],"_prefab":{"__type__":"cc.PrefabInfo","root":{"__id__":1},"asset":{"__uuid__":"f9DL0pzGdBVLc+uQ3vU5Yr"},"fileId":"ecpwsYFt9I6qLfY33aUoKT"},"_contentSize":{"__type__":"cc.Size","width":13,"height":20},"_position":{"__type__":"cc.Vec2","y":22}}],{"__type__":"cc.SpriteFrame","content":{"name":"02","texture":"73eXExvSJLzaDJaWhGbu/r","rect":[91,90,223,203],"offset":[-9.5,3.5],"originalSize":[424,390]}}]