[{"control":{"type":"global","label":"全局设置","preview":"https://sf3-ttcdn-tos.pstatp.com/obj/union-fe/000065fbbb713ba1fafaa4b542d51273/question_preview_start.png","children":[{"control":{"type":"section","label":"背景音乐","tooltip":"答题过程中开启题目的专属背景音乐时，全局背景音乐默认不播放。（建议音频大小500k以内）","children":[{"control":{"type":"audio","label":"音乐","default":"https://sf3-ttcdn-tos.pstatp.com/obj/union-fe/playable/788d56cee9e522b9a7cc901d7873a4bb/audios/bgm.mp3"},"attribute":{"type":"string","path":"phases.scenes.gameScene.audios[0].url"}},{"control":{"type":"slider","label":"音量","default":1,"max":1,"min":0,"step":0.1},"attribute":{"type":"number","path":"global.bgmvolume"}}]}},{"control":{"type":"section","label":"点击音效","tooltip":"点按任一按钮，触发音效","children":[{"control":{"type":"audio","label":"音效","notes":"音频参考时长为1s，音频时长不应超过3s","duration":[null,3],"default":"https://sf3-ttcdn-tos.pstatp.com/obj/union-fe/playable/788d56cee9e522b9a7cc901d7873a4bb/audios/click.mp3"},"attribute":{"type":"string","path":"phases.scenes.gameScene.audios[1].url"}},{"control":{"type":"slider","label":"音量","default":1,"max":1,"min":0,"step":0.1},"attribute":{"type":"number","path":"global.clickvolume"}},{"control":{"type":"switch","label":"开关","default":true},"attribute":{"type":"number","path":"global.isshowclick"}}]}}]}},{"control":{"type":"phase","label":"loading页面","preview":"https://sf3-ttcdn-tos.pstatp.com/obj/union-fe/000065fbbb713ba1fafaa4b542d51273/question_preview_loading2.png","children":[{"control":{"type":"section","label":"loading背景","children":[{"control":{"type":"picture","label":"背景图","width":750,"height":1334,"default":"https://sf3-ttcdn-tos.pstatp.com/obj/union-fe/000065fbbb713ba1fafaa4b542d51273/question_preview_loadingTotalBg.png","notes":"图片固定尺寸为750*1334px"},"attribute":{"type":"string","path":["loading.loadingTotalBg","loading.loadingTotalBlurBg"]}}]}},{"control":{"type":"section","label":"icon","children":[{"control":{"type":"picture","label":"icon","width":160,"height":160,"default":"https://sf3-ttcdn-tos.pstatp.com/obj/union-fe/000065fbbb713ba1fafaa4b542d51273/question_preview_item.png","notes":"图片固定尺寸为160*160px"},"attribute":{"type":"string","path":"loading.item"}}]}},{"control":{"type":"section","label":"进度条","children":[{"control":{"type":"picture","label":"进度条-外","width":212,"height":36,"default":"https://sf3-ttcdn-tos.pstatp.com/obj/union-fe/000065fbbb713ba1fafaa4b542d51273/question_preview_loadingBg.png","notes":"图片固定尺寸为212*36px"},"attribute":{"type":"string","path":"loading.loadingBg"}},{"control":{"type":"picture","label":"进度条-内","width":192,"height":20,"default":"https://sf3-ttcdn-tos.pstatp.com/obj/union-fe/000065fbbb713ba1fafaa4b542d51273/question_preview_loadingFront.png","notes":"图片固定尺寸为192*20px"},"attribute":{"type":"string","path":"loading.loadingFront"}},{"control":{"type":"color","label":"进度数值字色","default":"#FFFFFF","format":"hex"},"attribute":{"type":"string","path":"loading.loadingLabelCol"}}]}}]}},{"control":{"type":"phase","label":"封面","preview":"https://sf3-ttcdn-tos.pstatp.com/obj/union-fe/000065fbbb713ba1fafaa4b542d51273/question_preview_start.png","children":[{"control":{"type":"section","label":"封面背景","tooltip":"点击背景任意处，进入答题过程互动","children":[{"control":{"type":"picture","label":"封面","width":750,"height":1334,"notes":"图片固定尺寸为750*1334px","default":"https://sf3-ttcdn-tos.pstatp.com/obj/union-fe/playable/788d56cee9e522b9a7cc901d7873a4bb/textures/startbg.png"},"attribute":{"type":"string","path":"phases.scenes.gameScene.sprites[8].urls[0]"}}]}},{"control":{"type":"section","label":"开始按钮","tooltip":"点击进入答题","children":[{"control":{"type":"picture","label":"开始按钮","width":[null,686],"height":[null,120],"default":"https://sf3-ttcdn-tos.pstatp.com/obj/union-fe/playable/788d56cee9e522b9a7cc901d7873a4bb/textures/startbtn.png","notes":"图片参考尺寸为548*110px, 图片宽度不应超过686px，且高度不应超过120px"},"attribute":{"type":"string","path":"phases.scenes.gameScene.sprites[9].urls[0]"}}]}}]}},{"control":{"type":"phase","label":"答题过程","preview":"https://sf3-ttcdn-tos.pstatp.com/obj/union-fe/000065fbbb713ba1fafaa4b542d51273/question_preview_progress2.png","children":[{"control":{"type":"section","label":"答题背景","children":[{"control":{"type":"picture","label":"背景图","width":750,"height":1334,"notes":"图片固定尺寸为750*1334px","default":"https://sf3-ttcdn-tos.pstatp.com/obj/union-fe/playable/788d56cee9e522b9a7cc901d7873a4bb/textures/qabg.png"},"attribute":{"type":"string","path":["phases.scenes.gameScene.sprites[1].urls[0]"]}}]}},{"control":{"type":"section","label":"答题","children":[{"control":{"type":"array","label":"题目","min":1,"max":3,"item":[{"control":{"type":"audio","label":"题目专属BGM","tooltip":"为每道题配置专属BGM，音乐循环播放至进入下一题时。（建议音频大小500k以内）","default":"https://sf3-ttcdn-tos.pstatp.com/obj/union-fe/00018ac7b7376d3f06c9f727b5a698fc/question1.mp3"},"attribute":{"type":"string","path":"global.questions.$index.questionbgm"}},{"control":{"type":"switch","label":"题目专属BGM是否开启","tooltip":"开启题目的专属背景音乐时，为每道题配置专属BGM，此时全局背景音乐默认不播放","default":false},"attribute":{"type":"number","path":"global.questions.$index.isshowbgm"}},{"control":{"type":"picture","label":"题目配图","width":[null,686],"height":[null,500],"notes":"图片参考尺寸为406*372px，图片宽度不应超过686px，且高度不应超过500px","default":"https://sf3-ttcdn-tos.pstatp.com/obj/union-fe/playable/788d56cee9e522b9a7cc901d7873a4bb/textures/question_img1.png"},"attribute":{"type":"string","path":["phases.scenes.gameScene.sprites[2].urls.$index","phases.scenes.gameScene.prefabs[1].sprites[0].urls.$index"]}},{"control":{"type":"picture","label":"题目","width":[null,686],"height":[null,132],"notes":"图片参考尺寸为474*57px，图片宽度不应超过686px，且高度不应超过132px","default":"https://sf3-ttcdn-tos.pstatp.com/obj/union-fe/playable/788d56cee9e522b9a7cc901d7873a4bb/textures/question_title.png"},"attribute":{"type":"string","path":["phases.scenes.gameScene.sprites[3].urls.$index","phases.scenes.gameScene.prefabs[1].sprites[1].urls.$index"]}},{"control":{"type":"picture","label":"选项1","width":[null,686],"height":[null,120],"notes":"图片参考尺寸为548*110px，图片宽度不应超过686px，且高度不应超过120px","default":"https://sf3-ttcdn-tos.pstatp.com/obj/union-fe/playable/788d56cee9e522b9a7cc901d7873a4bb/textures/question_option1.png"},"attribute":{"type":"string","path":["phases.scenes.gameScene.sprites[4].urls.$index","phases.scenes.gameScene.prefabs[1].sprites[2].urls.$index"]}},{"control":{"type":"switch","label":"选项1是否正确","tooltip":"开启开关，用户选择该选项时跳转正确答案页","default":false},"attribute":{"type":"number","path":"global.questions.$index.options[0].isright"}},{"control":{"type":"picture","label":"选项2","width":[null,686],"height":[null,120],"notes":"图片参考尺寸为548*110px，图片宽度不应超过686px，且高度不应超过120px","default":"https://sf3-ttcdn-tos.pstatp.com/obj/union-fe/playable/788d56cee9e522b9a7cc901d7873a4bb/textures/question_option2.png"},"attribute":{"type":"string","path":["phases.scenes.gameScene.sprites[5].urls.$index","phases.scenes.gameScene.prefabs[1].sprites[3].urls.$index"]}},{"control":{"type":"switch","label":"选项2是否正确","tooltip":"开启开关，用户选择该选项时跳转正确答案页","default":false},"attribute":{"type":"number","path":"global.questions.$index.options[1].isright"}},{"control":{"type":"picture","label":"选项3","width":[null,686],"height":[null,120],"notes":"图片参考尺寸为548*110px，图片宽度不应超过686px，且高度不应超过120px","default":"https://sf3-ttcdn-tos.pstatp.com/obj/union-fe/playable/788d56cee9e522b9a7cc901d7873a4bb/textures/question_option3.png"},"attribute":{"type":"string","path":["phases.scenes.gameScene.sprites[6].urls.$index","phases.scenes.gameScene.prefabs[1].sprites[4].urls.$index"]}},{"control":{"type":"switch","label":"选项3是否正确","tooltip":"开启开关，用户选择该选项时跳转正确答案页","default":false},"attribute":{"type":"number","path":"global.questions.$index.options[2].isright"}},{"control":{"type":"picture","label":"选项4","width":[null,686],"height":[null,120],"notes":"图片参考尺寸为548*110px，图片宽度不应超过686px，且高度不应超过120px","default":"https://sf3-ttcdn-tos.pstatp.com/obj/union-fe/playable/788d56cee9e522b9a7cc901d7873a4bb/textures/question_option4.png"},"attribute":{"type":"string","path":["phases.scenes.gameScene.sprites[7].urls.$index","phases.scenes.gameScene.prefabs[1].sprites[5].urls.$index"]}},{"control":{"type":"switch","label":"选项4是否正确","tooltip":"开启开关，用户选择该选项时跳转正确答案页","default":false},"attribute":{"type":"number","path":"global.questions.$index.options[3].isright"}},{"control":{"type":"picture","label":"正确答案配图","tooltip":"于答案页对应展示，建议多样化发散，例如答案详情等设计","width":[null,686],"height":[null,686],"notes":"图片参考尺寸为620*407px，图片宽高不应超过686px","default":"https://sf3-ttcdn-tos.pstatp.com/obj/union-fe/playable/788d56cee9e522b9a7cc901d7873a4bb/textures/endcard_correct.png"},"attribute":{"type":"string","path":["phases.scenes.gameScene.prefabs[0].sprites[2].urls.$index"]}},{"control":{"type":"picture","label":"错误答案配图","tooltip":"于答案页对应展示，建议多样化发散，例如答案详情等设计","width":[null,686],"height":[null,686],"notes":"图片参考尺寸为605*404px，图片宽高不应超过686px","default":"https://sf3-ttcdn-tos.pstatp.com/obj/union-fe/playable/788d56cee9e522b9a7cc901d7873a4bb/textures/endcard_wrong.png"},"attribute":{"type":"string","path":["phases.scenes.gameScene.prefabs[0].sprites[3].urls.$index"]}}]}}]}}]}},{"control":{"type":"phase","label":"答案页","preview":"https://sf3-ttcdn-tos.pstatp.com/obj/union-fe/000065fbbb713ba1fafaa4b542d51273/question_preview_end.png","children":[{"control":{"type":"section","label":"答对音效","children":[{"control":{"type":"audio","label":"音效","default":"https://sf3-ttcdn-tos.pstatp.com/obj/union-fe/playable/788d56cee9e522b9a7cc901d7873a4bb/audios/option_right.mp3"},"attribute":{"type":"string","path":"phases.scenes.gameScene.prefabs[0].audios[0].url"}},{"control":{"type":"slider","label":"音量","default":1,"max":1,"min":0,"step":0.1},"attribute":{"type":"number","path":"global.rightvolume"}}]}},{"control":{"type":"section","label":"答错音效","children":[{"control":{"type":"audio","label":"音效","default":"https://sf3-ttcdn-tos.pstatp.com/obj/union-fe/playable/788d56cee9e522b9a7cc901d7873a4bb/audios/option_wrong.mp3"},"attribute":{"type":"string","path":"phases.scenes.gameScene.prefabs[0].audios[1].url"}},{"control":{"type":"slider","label":"音量","default":1,"max":1,"min":0,"step":0.1},"attribute":{"type":"number","path":"global.wrongvolume"}}]}},{"control":{"type":"section","label":"正确光晕","tooltip":"仅正确答案页出现","children":[{"control":{"type":"picture","label":"正确光晕","width":750,"height":750,"notes":"图片固定尺寸为750*750px","default":"https://sf3-ttcdn-tos.pstatp.com/obj/union-fe/playable/788d56cee9e522b9a7cc901d7873a4bb/textures/endcard_light.png"},"attribute":{"type":"string","path":"phases.scenes.gameScene.prefabs[0].sprites[1].urls[0]"}}]}},{"control":{"type":"section","label":"下一关","tooltip":"点击继续下一题；于最后一道题的答案页点击该按钮，则（iOS）调起应用商店/（安卓）进入下载/调起落地页","children":[{"control":{"type":"picture","label":"下一关","width":[null,686],"height":[null,120],"notes":"图片参考尺寸为548*110px，图片宽度不应超过686px，且高度不应超过120px","default":"https://sf3-ttcdn-tos.pstatp.com/obj/union-fe/playable/788d56cee9e522b9a7cc901d7873a4bb/textures/endcard_continuebtn.png"},"attribute":{"type":"string","path":"phases.scenes.gameScene.prefabs[0].sprites[5].urls[0]"}}]}},{"control":{"type":"section","label":"下载按钮","tooltip":"点击此区域（iOS）调起应用商店/（安卓）进入下载/调起落地页","children":[{"control":{"type":"picture","label":"下载按钮","width":[null,686],"height":[null,120],"notes":"图片参考尺寸为548*110px，图片宽度不应超过686px，且高度不应超过120px","default":"https://sf3-ttcdn-tos.pstatp.com/obj/union-fe/playable/788d56cee9e522b9a7cc901d7873a4bb/textures/endcard_dowanloadbtn.png"},"attribute":{"type":"string","path":"phases.scenes.gameScene.prefabs[0].sprites[4].urls[0]"}}]}}]}}]