[[{"__type__":"cc.SceneAsset","_name":"gameScene","scene":{"__id__":1},"asyncLoadAssets":null},{"__type__":"cc.Scene","_name":"New Node","_children":[{"__id__":2}],"_active":false,"_anchorPoint":{"__type__":"cc.Vec2"},"_trs":{"__type__":"TypedArray","ctor":"Float64Array","array":[0,0,0,0,0,0,1,1,1,1]},"autoReleaseAssets":false},{"__type__":"cc.Node","_name":"Canvas","_parent":{"__id__":1},"_children":[{"__id__":3},{"__id__":4},{"__id__":5},{"__id__":6},{"__id__":20},{"__id__":21}],"_components":[{"__type__":"cc.Canvas","node":{"__id__":2},"_designResolution":{"__type__":"cc.Size","width":750,"height":1334},"_fitWidth":true}],"_color":{"__type__":"cc.Color","r":252,"g":252,"b":252},"_contentSize":{"__type__":"cc.Size","width":750,"height":1334},"_trs":{"__type__":"TypedArray","ctor":"Float64Array","array":[375,667,0,0,0,0,1,1,1,1]},"_id":"a286bbGknJLZpRpxROV6M94"},{"__type__":"cc.Node","_name":"Main Camera","_parent":{"__id__":2},"_components":[{"__type__":"cc.Camera","node":{"__id__":3},"_clearFlags":7,"_depth":-1}],"_trs":{"__type__":"TypedArray","ctor":"Float64Array","array":[0,0,344.6781107062066,0,0,0,1,1,1,1]}},{"__type__":"cc.Node","_name":"adaptbg","_parent":{"__id__":2},"_components":[{"__type__":"cc.Sprite","node":{"__id__":4},"_materials":[{"__uuid__":"ecpdLyjvZBwrvm+cedCcQy"}]},{"__type__":"cc.Widget","node":{"__id__":4},"_target":{"__id__":2},"_alignFlags":18},{"__type__":"637fcFaCipP1YcLsDdoAaLc","node":{"__id__":4},"_enabled":false,"needAdapt":false,"phase":2,"uris":["blackmask.png"]},{"__type__":"5457dF3UchCZ7U7mQjxWG4h","node":{"__id__":4}}],"_contentSize":{"__type__":"cc.Size","width":750,"height":1334},"_trs":{"__type__":"TypedArray","ctor":"Float64Array","array":[0,0,0,0,0,0,1,1,1,1]}},{"__type__":"cc.Node","_name":"bg","_parent":{"__id__":2},"_components":[{"__type__":"cc.Sprite","node":{"__id__":5},"_materials":[{"__uuid__":"ecpdLyjvZBwrvm+cedCcQy"}]},{"__type__":"cc.Widget","node":{"__id__":5},"_target":{"__id__":2},"_alignFlags":18,"_originalHeight":1334},{"__type__":"637fcFaCipP1YcLsDdoAaLc","node":{"__id__":5},"phase":2,"uris":["qabg.png"]}],"_contentSize":{"__type__":"cc.Size","width":750,"height":1334},"_trs":{"__type__":"TypedArray","ctor":"Float64Array","array":[0,0,0,0,0,0,1,1,1,1]}},{"__type__":"cc.Node","_name":"gameNode","_parent":{"__id__":2},"_children":[{"__id__":7},{"__id__":16},{"__id__":19}],"_components":[{"__type__":"e1b90/rohdEk4SdmmEZANaD","node":{"__id__":6},"endcardView":{"__uuid__":"c3ah1x9adA1p3KM17vFJ/2"},"startNode":{"__id__":16},"startBtn":{"__id__":18},"startbg":{"__id__":17},"popupNode":{"__id__":20},"questionNode":{"__id__":7},"clickNode":{"__id__":19}},{"__type__":"cc.AudioSource","node":{"__id__":6},"_loop":true,"preload":true},{"__type__":"cf399d1aQFMC5zozyMe+YeG","node":{"__id__":6},"phase":2,"uri":"bgm.mp3"}],"_trs":{"__type__":"TypedArray","ctor":"Float64Array","array":[0,0,0,0,0,0,1,1,1,1]}},{"__type__":"cc.Node","_name":"QuestionNode","_parent":{"__id__":6},"_children":[{"__id__":8},{"__id__":10},{"__id__":12},{"__id__":13},{"__id__":14},{"__id__":15}],"_components":[{"__type__":"6bedfXzz0dMZZh7I0rcWWBz","node":{"__id__":7},"questionSp":{"__id__":9},"questionTitleSp":{"__id__":11},"optionBtn1":{"__id__":12},"optionBtn2":{"__id__":13},"optionBtn3":{"__id__":14},"optionBtn4":{"__id__":15}}],"_prefab":{"__type__":"cc.PrefabInfo","root":{"__id__":7},"asset":{"__uuid__":"e7iM9VGmpN1prIE4aNy7jI"},"fileId":"e0hlBplShEyaE+hacEPhhl"},"_contentSize":{"__type__":"cc.Size","width":750,"height":1334},"_trs":{"__type__":"TypedArray","ctor":"Float64Array","array":[0,0,0,0,0,0,1,1,1,1]}},{"__type__":"cc.Node","_name":"question_img1","_parent":{"__id__":7},"_components":[{"__id__":9},{"__type__":"637fcFaCipP1YcLsDdoAaLc","node":{"__id__":8},"phase":2,"isLoadPrefab":true,"prefabName":"QuestionNode","uris":["question_img1.png","question_img2.png","question_img3.png"]}],"_prefab":{"__type__":"cc.PrefabInfo","root":{"__id__":7},"asset":{"__uuid__":"e7iM9VGmpN1prIE4aNy7jI"},"fileId":"07bIheAIpJYY2OBaNqakJy"},"_contentSize":{"__type__":"cc.Size","width":406,"height":372},"_trs":{"__type__":"TypedArray","ctor":"Float64Array","array":[0,368,0,0,0,0,1,1,1,1]}},{"__type__":"cc.Sprite","node":{"__id__":8},"_materials":[{"__uuid__":"ecpdLyjvZBwrvm+cedCcQy"}]},{"__type__":"cc.Node","_name":"question_title","_parent":{"__id__":7},"_components":[{"__id__":11},{"__type__":"637fcFaCipP1YcLsDdoAaLc","node":{"__id__":10},"phase":2,"isLoadPrefab":true,"prefabName":"QuestionNode","uris":["question_title.png","question_title.png","question_title.png"]}],"_prefab":{"__type__":"cc.PrefabInfo","root":{"__id__":7},"asset":{"__uuid__":"e7iM9VGmpN1prIE4aNy7jI"},"fileId":"04WsKFvDFPwLybeuVuvRVc"},"_contentSize":{"__type__":"cc.Size","width":474,"height":57},"_trs":{"__type__":"TypedArray","ctor":"Float64Array","array":[0,59,0,0,0,0,1,1,1,1]}},{"__type__":"cc.Sprite","node":{"__id__":10},"_materials":[{"__uuid__":"ecpdLyjvZBwrvm+cedCcQy"}]},{"__type__":"cc.Node","_name":"question_option1","_parent":{"__id__":7},"_components":[{"__type__":"cc.Sprite","node":{"__id__":12},"_materials":[{"__uuid__":"ecpdLyjvZBwrvm+cedCcQy"}]},{"__type__":"da257I0UZNOTbRo7UsRnkec","node":{"__id__":12},"duration":0.1,"clickEvents":[{"__type__":"cc.ClickEvent","target":{"__id__":7},"_componentId":"6bedfXzz0dMZZh7I0rcWWBz","handler":"optionClickHandler","customEventData":"0"}]},{"__type__":"637fcFaCipP1YcLsDdoAaLc","node":{"__id__":12},"phase":2,"isLoadPrefab":true,"prefabName":"QuestionNode","uris":["question_option1.png","question_option1.png","question_option1.png"]}],"_prefab":{"__type__":"cc.PrefabInfo","root":{"__id__":7},"asset":{"__uuid__":"e7iM9VGmpN1prIE4aNy7jI"},"fileId":"578PjwiVNJtqnk+VhA3t42"},"_contentSize":{"__type__":"cc.Size","width":548,"height":110},"_trs":{"__type__":"TypedArray","ctor":"Float64Array","array":[0,-87,0,0,0,0,1,1,1,1]}},{"__type__":"cc.Node","_name":"question_option2","_parent":{"__id__":7},"_components":[{"__type__":"cc.Sprite","node":{"__id__":13},"_materials":[{"__uuid__":"ecpdLyjvZBwrvm+cedCcQy"}]},{"__type__":"da257I0UZNOTbRo7UsRnkec","node":{"__id__":13},"duration":0.1,"clickEvents":[{"__type__":"cc.ClickEvent","target":{"__id__":7},"_componentId":"6bedfXzz0dMZZh7I0rcWWBz","handler":"optionClickHandler","customEventData":"1"}]},{"__type__":"637fcFaCipP1YcLsDdoAaLc","node":{"__id__":13},"phase":2,"isLoadPrefab":true,"prefabName":"QuestionNode","uris":["question_option2.png","question_option2.png","question_option2.png"]}],"_prefab":{"__type__":"cc.PrefabInfo","root":{"__id__":7},"asset":{"__uuid__":"e7iM9VGmpN1prIE4aNy7jI"},"fileId":"29o9siyWZGxLgbHRYlaJtm"},"_contentSize":{"__type__":"cc.Size","width":548,"height":110},"_trs":{"__type__":"TypedArray","ctor":"Float64Array","array":[0,-223,0,0,0,0,1,1,1,1]}},{"__type__":"cc.Node","_name":"question_option3","_parent":{"__id__":7},"_components":[{"__type__":"cc.Sprite","node":{"__id__":14},"_materials":[{"__uuid__":"ecpdLyjvZBwrvm+cedCcQy"}]},{"__type__":"da257I0UZNOTbRo7UsRnkec","node":{"__id__":14},"duration":0.1,"clickEvents":[{"__type__":"cc.ClickEvent","target":{"__id__":7},"_componentId":"6bedfXzz0dMZZh7I0rcWWBz","handler":"optionClickHandler","customEventData":"2"}]},{"__type__":"637fcFaCipP1YcLsDdoAaLc","node":{"__id__":14},"phase":2,"isLoadPrefab":true,"prefabName":"QuestionNode","uris":["question_option3.png","question_option3.png","question_option3.png"]}],"_prefab":{"__type__":"cc.PrefabInfo","root":{"__id__":7},"asset":{"__uuid__":"e7iM9VGmpN1prIE4aNy7jI"},"fileId":"5a6bugs1JBb4eKMdo1qDTd"},"_contentSize":{"__type__":"cc.Size","width":548,"height":110},"_trs":{"__type__":"TypedArray","ctor":"Float64Array","array":[0,-359,0,0,0,0,1,1,1,1]}},{"__type__":"cc.Node","_name":"question_option4","_parent":{"__id__":7},"_components":[{"__type__":"cc.Sprite","node":{"__id__":15},"_materials":[{"__uuid__":"ecpdLyjvZBwrvm+cedCcQy"}]},{"__type__":"da257I0UZNOTbRo7UsRnkec","node":{"__id__":15},"duration":0.1,"clickEvents":[{"__type__":"cc.ClickEvent","target":{"__id__":7},"_componentId":"6bedfXzz0dMZZh7I0rcWWBz","handler":"optionClickHandler","customEventData":"3"}]},{"__type__":"637fcFaCipP1YcLsDdoAaLc","node":{"__id__":15},"phase":2,"isLoadPrefab":true,"prefabName":"QuestionNode","uris":["question_option4.png","question_option4.png","question_option4.png"]}],"_prefab":{"__type__":"cc.PrefabInfo","root":{"__id__":7},"asset":{"__uuid__":"e7iM9VGmpN1prIE4aNy7jI"},"fileId":"73rpLZfs9AfLcdAPzbcczL"},"_contentSize":{"__type__":"cc.Size","width":548,"height":110},"_trs":{"__type__":"TypedArray","ctor":"Float64Array","array":[0,-495,0,0,0,0,1,1,1,1]}},{"__type__":"cc.Node","_name":"startNode","_parent":{"__id__":6},"_children":[{"__id__":17},{"__id__":18}],"_components":[{"__type__":"cc.Widget","node":{"__id__":16},"_target":{"__id__":2},"_alignFlags":18,"_originalHeight":1334}],"_trs":{"__type__":"TypedArray","ctor":"Float64Array","array":[0,0,0,0,0,0,1,1,1,1]}},{"__type__":"cc.Node","_name":"startbg","_parent":{"__id__":16},"_components":[{"__type__":"cc.Sprite","node":{"__id__":17},"_materials":[{"__uuid__":"ecpdLyjvZBwrvm+cedCcQy"}]},{"__type__":"637fcFaCipP1YcLsDdoAaLc","node":{"__id__":17},"phase":2,"uris":["startbg.png"]},{"__type__":"cc.Widget","node":{"__id__":17},"_target":{"__id__":2},"_alignFlags":18,"_originalHeight":1334}],"_contentSize":{"__type__":"cc.Size","width":750,"height":1334},"_trs":{"__type__":"TypedArray","ctor":"Float64Array","array":[0,0,0,0,0,0,1,1,1,1]}},{"__type__":"cc.Node","_name":"startbtn","_parent":{"__id__":16},"_components":[{"__type__":"cc.Sprite","node":{"__id__":18},"_materials":[{"__uuid__":"ecpdLyjvZBwrvm+cedCcQy"}]},{"__type__":"637fcFaCipP1YcLsDdoAaLc","node":{"__id__":18},"phase":2,"uris":["startbtn.png"]},{"__type__":"a643c6ynepKSopXRxz9HJkz","node":{"__id__":18},"maxScale":1.05},{"__type__":"da257I0UZNOTbRo7UsRnkec","node":{"__id__":18},"duration":0,"clickEvents":[{"__type__":"cc.ClickEvent","target":{"__id__":6},"_componentId":"e1b90/rohdEk4SdmmEZANaD","handler":"startBtnHandler"}]}],"_contentSize":{"__type__":"cc.Size","width":548,"height":110},"_trs":{"__type__":"TypedArray","ctor":"Float64Array","array":[0,-363,0,0,0,0,1,1,1,1]}},{"__type__":"cc.Node","_name":"clickEffectNode","_parent":{"__id__":6},"_components":[{"__type__":"cc.AudioSource","node":{"__id__":19}},{"__type__":"cf399d1aQFMC5zozyMe+YeG","node":{"__id__":19},"phase":2,"uri":"click.mp3"}],"_trs":{"__type__":"TypedArray","ctor":"Float64Array","array":[0,0,0,0,0,0,1,1,1,1]}},{"__type__":"cc.Node","_name":"popupNode","_parent":{"__id__":2},"_trs":{"__type__":"TypedArray","ctor":"Float64Array","array":[0,0,0,0,0,0,1,1,1,1]}},{"__type__":"cc.Node","_name":"GameLogo","_parent":{"__id__":2},"_children":[{"__id__":22},{"__id__":23},{"__id__":24}],"_components":[{"__type__":"d4792Z5Tu9NcqrY7k8c4J1B","node":{"__id__":21},"soundSp":{"__id__":22},"muteSp":{"__id__":23},"logoSp":{"__id__":24}}],"_prefab":{"__type__":"cc.PrefabInfo","root":{"__id__":21},"asset":{"__uuid__":"65357L58VLkKr4hoZYuTa/"},"fileId":"a495aBCvdGe4YeIfUAnWvJ"},"_contentSize":{"__type__":"cc.Size","width":750,"height":1334},"_trs":{"__type__":"TypedArray","ctor":"Float64Array","array":[0,0,0,0,0,0,1,1,1,1]}},{"__type__":"cc.Node","_name":"sprite","_parent":{"__id__":21},"_components":[{"__type__":"cc.Sprite","node":{"__id__":22},"_materials":[{"__uuid__":"ecpdLyjvZBwrvm+cedCcQy"}],"_sizeMode":0},{"__type__":"cc.Widget","node":{"__id__":22},"_alignFlags":36,"_right":32,"_bottom":32}],"_prefab":{"__type__":"cc.PrefabInfo","root":{"__id__":21},"asset":{"__uuid__":"65357L58VLkKr4hoZYuTa/"},"fileId":"dcXU+7ZBlBcp5/vNIftOE3"},"_contentSize":{"__type__":"cc.Size","width":48,"height":48},"_trs":{"__type__":"TypedArray","ctor":"Float64Array","array":[319,-611,0,0,0,0,1,1,1,1]}},{"__type__":"cc.Node","_name":"sprite","_parent":{"__id__":21},"_components":[{"__type__":"cc.Sprite","node":{"__id__":23},"_materials":[{"__uuid__":"ecpdLyjvZBwrvm+cedCcQy"}],"_sizeMode":0},{"__type__":"cc.Widget","node":{"__id__":23},"_alignFlags":36,"_right":32,"_bottom":32}],"_prefab":{"__type__":"cc.PrefabInfo","root":{"__id__":21},"asset":{"__uuid__":"65357L58VLkKr4hoZYuTa/"},"fileId":"54Xt+tkLJEGL99DLDvgLq7"},"_contentSize":{"__type__":"cc.Size","width":48,"height":48},"_trs":{"__type__":"TypedArray","ctor":"Float64Array","array":[319,-611,0,0,0,0,1,1,1,1]}},{"__type__":"cc.Node","_name":"sprite","_parent":{"__id__":21},"_components":[{"__type__":"cc.Sprite","node":{"__id__":24},"_materials":[{"__uuid__":"ecpdLyjvZBwrvm+cedCcQy"}],"_sizeMode":0},{"__type__":"cc.Widget","node":{"__id__":24},"_alignFlags":12,"_left":32,"_right":32,"_bottom":32,"_originalWidth":40}],"_prefab":{"__type__":"cc.PrefabInfo","root":{"__id__":21},"asset":{"__uuid__":"65357L58VLkKr4hoZYuTa/"},"fileId":"00QQqQB+hIi63xUyIpB439"},"_contentSize":{"__type__":"cc.Size","width":48,"height":48},"_trs":{"__type__":"TypedArray","ctor":"Float64Array","array":[-319,-611,0,0,0,0,1,1,1,1]}}],[{"__type__":"cc.Prefab","_name":"GameLogo","data":{"__id__":1}},{"__type__":"cc.Node","_name":"GameLogo","_children":[{"__id__":2},{"__id__":3},{"__id__":4}],"_components":[{"__type__":"d4792Z5Tu9NcqrY7k8c4J1B","node":{"__id__":1},"soundSp":{"__id__":2},"muteSp":{"__id__":3},"logoSp":{"__id__":4}}],"_prefab":{"__type__":"cc.PrefabInfo","root":{"__id__":1},"asset":{"__uuid__":"65357L58VLkKr4hoZYuTa/"},"fileId":"a495aBCvdGe4YeIfUAnWvJ"},"_contentSize":{"__type__":"cc.Size","width":750,"height":1334},"_trs":{"__type__":"TypedArray","ctor":"Float64Array","array":[0,0,0,0,0,0,1,1,1,1]}},{"__type__":"cc.Node","_name":"sprite","_parent":{"__id__":1},"_components":[{"__type__":"cc.Sprite","node":{"__id__":2},"_materials":[{"__uuid__":"ecpdLyjvZBwrvm+cedCcQy"}],"_sizeMode":0},{"__type__":"cc.Widget","node":{"__id__":2},"_alignFlags":36,"_right":32,"_bottom":32}],"_prefab":{"__type__":"cc.PrefabInfo","root":{"__id__":1},"asset":{"__uuid__":"65357L58VLkKr4hoZYuTa/"},"fileId":"dcXU+7ZBlBcp5/vNIftOE3"},"_contentSize":{"__type__":"cc.Size","width":48,"height":48},"_trs":{"__type__":"TypedArray","ctor":"Float64Array","array":[319,-611,0,0,0,0,1,1,1,1]}},{"__type__":"cc.Node","_name":"sprite","_parent":{"__id__":1},"_components":[{"__type__":"cc.Sprite","node":{"__id__":3},"_materials":[{"__uuid__":"ecpdLyjvZBwrvm+cedCcQy"}],"_sizeMode":0},{"__type__":"cc.Widget","node":{"__id__":3},"_alignFlags":36,"_right":32,"_bottom":32}],"_prefab":{"__type__":"cc.PrefabInfo","root":{"__id__":1},"asset":{"__uuid__":"65357L58VLkKr4hoZYuTa/"},"fileId":"54Xt+tkLJEGL99DLDvgLq7"},"_contentSize":{"__type__":"cc.Size","width":48,"height":48},"_trs":{"__type__":"TypedArray","ctor":"Float64Array","array":[319,-611,0,0,0,0,1,1,1,1]}},{"__type__":"cc.Node","_name":"sprite","_parent":{"__id__":1},"_components":[{"__type__":"cc.Sprite","node":{"__id__":4},"_materials":[{"__uuid__":"ecpdLyjvZBwrvm+cedCcQy"}],"_sizeMode":0},{"__type__":"cc.Widget","node":{"__id__":4},"_alignFlags":12,"_left":32,"_right":32,"_bottom":32,"_originalWidth":40}],"_prefab":{"__type__":"cc.PrefabInfo","root":{"__id__":1},"asset":{"__uuid__":"65357L58VLkKr4hoZYuTa/"},"fileId":"00QQqQB+hIi63xUyIpB439"},"_contentSize":{"__type__":"cc.Size","width":48,"height":48},"_trs":{"__type__":"TypedArray","ctor":"Float64Array","array":[-319,-611,0,0,0,0,1,1,1,1]}}],[{"__type__":"cc.Prefab","_name":"EndCardView","data":{"__id__":1}},{"__type__":"cc.Node","_name":"EndCardView","_children":[{"__id__":2},{"__id__":3},{"__id__":9},{"__id__":11},{"__id__":13},{"__id__":14}],"_components":[{"__type__":"cc.Widget","node":{"__id__":1},"_alignFlags":18,"_left":-375,"_right":375,"_top":667,"_bottom":-667,"_originalWidth":750,"_originalHeight":1334},{"__type__":"3065ao4O7xNO6YkOLf0EjBC","node":{"__id__":1},"bannerRightSp":{"__id__":6},"bannerWrongSp":{"__id__":8},"maskNode":{"__id__":2},"lightImg":{"__id__":4},"continueNode":{"__id__":14},"downloadNode":{"__id__":13},"rightAudio":{"__id__":10},"wrongAudio":{"__id__":12}}],"_prefab":{"__type__":"cc.PrefabInfo","root":{"__id__":1},"asset":{"__uuid__":"c3ah1x9adA1p3KM17vFJ/2"},"fileId":"9clwuVGrtLI5HWXKEB6R9c"},"_contentSize":{"__type__":"cc.Size","width":750,"height":1334},"_trs":{"__type__":"TypedArray","ctor":"Float64Array","array":[375,667,0,0,0,0,1,1,1,1]}},{"__type__":"cc.Node","_name":"blackmask","_parent":{"__id__":1},"_components":[{"__type__":"cc.Sprite","node":{"__id__":2},"_materials":[{"__uuid__":"ecpdLyjvZBwrvm+cedCcQy"}],"_sizeMode":0},{"__type__":"cc.Widget","node":{"__id__":2},"alignMode":2,"_alignFlags":18,"_originalWidth":750,"_originalHeight":1334},{"__type__":"637fcFaCipP1YcLsDdoAaLc","node":{"__id__":2},"needAdapt":false,"phase":3,"isLoadPrefab":true,"prefabName":"EndCardView","uris":["blackmask.png"]},{"__type__":"5457dF3UchCZ7U7mQjxWG4h","node":{"__id__":2}}],"_prefab":{"__type__":"cc.PrefabInfo","root":{"__id__":1},"asset":{"__uuid__":"c3ah1x9adA1p3KM17vFJ/2"},"fileId":"b63qS6nf9F8bcLhPlclQsH"},"_opacity":200,"_contentSize":{"__type__":"cc.Size","width":750,"height":1334},"_trs":{"__type__":"TypedArray","ctor":"Float64Array","array":[0,0,0,0,0,0,1,1,1,1]}},{"__type__":"cc.Node","_name":"aniNode","_parent":{"__id__":1},"_children":[{"__id__":4},{"__id__":5},{"__id__":7}],"_prefab":{"__type__":"cc.PrefabInfo","root":{"__id__":1},"asset":{"__uuid__":"c3ah1x9adA1p3KM17vFJ/2"},"fileId":"277tetfpJCK4ES1fD0F3+/"},"_trs":{"__type__":"TypedArray","ctor":"Float64Array","array":[0,0,0,0,0,0,1,1,1,1]}},{"__type__":"cc.Node","_name":"endcard_light","_parent":{"__id__":3},"_components":[{"__type__":"cc.Sprite","node":{"__id__":4},"_materials":[{"__uuid__":"ecpdLyjvZBwrvm+cedCcQy"}]},{"__type__":"637fcFaCipP1YcLsDdoAaLc","node":{"__id__":4},"needHide":true,"phase":3,"isLoadPrefab":true,"prefabName":"EndCardView","uris":["endcard_light.png"]}],"_prefab":{"__type__":"cc.PrefabInfo","root":{"__id__":1},"asset":{"__uuid__":"c3ah1x9adA1p3KM17vFJ/2"},"fileId":"59UE9qietJ0JKhdxLUBRI7"},"_contentSize":{"__type__":"cc.Size","width":750,"height":750},"_trs":{"__type__":"TypedArray","ctor":"Float64Array","array":[0,228,0,0,0,0,1,1,1,1]}},{"__type__":"cc.Node","_name":"endcard_rightbanner","_parent":{"__id__":3},"_components":[{"__id__":6},{"__type__":"637fcFaCipP1YcLsDdoAaLc","node":{"__id__":5},"phase":3,"isLoadPrefab":true,"prefabName":"EndCardView","uris":["endcard_correct.png","endcard_correct.png","endcard_correct.png"]}],"_prefab":{"__type__":"cc.PrefabInfo","root":{"__id__":1},"asset":{"__uuid__":"c3ah1x9adA1p3KM17vFJ/2"},"fileId":"f7Xvu7GlVK45NJMAg0qMYO"},"_contentSize":{"__type__":"cc.Size","width":620,"height":407},"_trs":{"__type__":"TypedArray","ctor":"Float64Array","array":[0,228,0,0,0,0,1,1,1,1]}},{"__type__":"cc.Sprite","node":{"__id__":5},"_materials":[{"__uuid__":"ecpdLyjvZBwrvm+cedCcQy"}]},{"__type__":"cc.Node","_name":"endcard_wrongbanner","_parent":{"__id__":3},"_components":[{"__id__":8},{"__type__":"637fcFaCipP1YcLsDdoAaLc","node":{"__id__":7},"phase":3,"isLoadPrefab":true,"prefabName":"EndCardView","uris":["endcard_wrong.png","endcard_wrong.png","endcard_wrong.png"]}],"_prefab":{"__type__":"cc.PrefabInfo","root":{"__id__":1},"asset":{"__uuid__":"c3ah1x9adA1p3KM17vFJ/2"},"fileId":"ccOYhhTmNBXLzPMAyo/ras"},"_contentSize":{"__type__":"cc.Size","width":620,"height":407},"_trs":{"__type__":"TypedArray","ctor":"Float64Array","array":[0,228,0,0,0,0,1,1,1,1]}},{"__type__":"cc.Sprite","node":{"__id__":7},"_materials":[{"__uuid__":"ecpdLyjvZBwrvm+cedCcQy"}]},{"__type__":"cc.Node","_name":"rightAudioNode","_parent":{"__id__":1},"_components":[{"__id__":10},{"__type__":"cf399d1aQFMC5zozyMe+YeG","node":{"__id__":9},"phase":3,"isLoadPrefab":true,"prefabName":"EndCardView","uri":"option_right.mp3"}],"_prefab":{"__type__":"cc.PrefabInfo","root":{"__id__":1},"asset":{"__uuid__":"c3ah1x9adA1p3KM17vFJ/2"},"fileId":"bdKeCz5lxN8bsHrs5jxoXr"},"_trs":{"__type__":"TypedArray","ctor":"Float64Array","array":[-375,-667,0,0,0,0,1,1,1,1]}},{"__type__":"cc.AudioSource","node":{"__id__":9},"preload":true},{"__type__":"cc.Node","_name":"wrongAudioNode","_parent":{"__id__":1},"_components":[{"__id__":12},{"__type__":"cf399d1aQFMC5zozyMe+YeG","node":{"__id__":11},"phase":3,"isLoadPrefab":true,"prefabName":"EndCardView","uri":"option_wrong.mp3"}],"_prefab":{"__type__":"cc.PrefabInfo","root":{"__id__":1},"asset":{"__uuid__":"c3ah1x9adA1p3KM17vFJ/2"},"fileId":"22cJR2uzRBQ7mmE2tIRP50"},"_trs":{"__type__":"TypedArray","ctor":"Float64Array","array":[-375,-667,0,0,0,0,1,1,1,1]}},{"__type__":"cc.AudioSource","node":{"__id__":11},"preload":true},{"__type__":"cc.Node","_name":"endcard_dowanloadbtn","_parent":{"__id__":1},"_components":[{"__type__":"cc.Sprite","node":{"__id__":13},"_materials":[{"__uuid__":"ecpdLyjvZBwrvm+cedCcQy"}]},{"__type__":"da257I0UZNOTbRo7UsRnkec","node":{"__id__":13},"duration":0.1,"clickEvents":[{"__type__":"cc.ClickEvent","target":{"__id__":1},"_componentId":"3065ao4O7xNO6YkOLf0EjBC","handler":"downloadHandler"}]},{"__type__":"637fcFaCipP1YcLsDdoAaLc","node":{"__id__":13},"phase":3,"isLoadPrefab":true,"prefabName":"EndCardView","uris":["endcard_dowanloadbtn.png"]}],"_prefab":{"__type__":"cc.PrefabInfo","root":{"__id__":1},"asset":{"__uuid__":"c3ah1x9adA1p3KM17vFJ/2"},"fileId":"c6lIjGttpAh7ysxMj2offt"},"_contentSize":{"__type__":"cc.Size","width":548,"height":110},"_trs":{"__type__":"TypedArray","ctor":"Float64Array","array":[0,-347,0,0,0,0,1,1,1,1]}},{"__type__":"cc.Node","_name":"endcard_continuebtn","_parent":{"__id__":1},"_components":[{"__type__":"cc.Sprite","node":{"__id__":14},"_materials":[{"__uuid__":"ecpdLyjvZBwrvm+cedCcQy"}]},{"__type__":"da257I0UZNOTbRo7UsRnkec","node":{"__id__":14},"duration":0.1,"clickEvents":[{"__type__":"cc.ClickEvent","target":{"__id__":1},"_componentId":"3065ao4O7xNO6YkOLf0EjBC","handler":"againHandler"}]},{"__type__":"637fcFaCipP1YcLsDdoAaLc","node":{"__id__":14},"phase":3,"isLoadPrefab":true,"prefabName":"EndCardView","uris":["endcard_continuebtn.png"]}],"_prefab":{"__type__":"cc.PrefabInfo","root":{"__id__":1},"asset":{"__uuid__":"c3ah1x9adA1p3KM17vFJ/2"},"fileId":"aeE2gghRlG5J5US0PN8Wva"},"_contentSize":{"__type__":"cc.Size","width":548,"height":110},"_trs":{"__type__":"TypedArray","ctor":"Float64Array","array":[0,-207,0,0,0,0,1,1,1,1]}}],[{"__type__":"cc.Prefab","_name":"QuestionNode","data":{"__id__":1}},{"__type__":"cc.Node","_name":"QuestionNode","_children":[{"__id__":2},{"__id__":4},{"__id__":6},{"__id__":7},{"__id__":8},{"__id__":9}],"_components":[{"__type__":"6bedfXzz0dMZZh7I0rcWWBz","node":{"__id__":1},"questionSp":{"__id__":3},"questionTitleSp":{"__id__":5},"optionBtn1":{"__id__":6},"optionBtn2":{"__id__":7},"optionBtn3":{"__id__":8},"optionBtn4":{"__id__":9}}],"_prefab":{"__type__":"cc.PrefabInfo","root":{"__id__":1},"asset":{"__uuid__":"e7iM9VGmpN1prIE4aNy7jI"},"fileId":"e0hlBplShEyaE+hacEPhhl"},"_contentSize":{"__type__":"cc.Size","width":750,"height":1334},"_trs":{"__type__":"TypedArray","ctor":"Float64Array","array":[0,0,0,0,0,0,1,1,1,1]}},{"__type__":"cc.Node","_name":"question_img1","_parent":{"__id__":1},"_components":[{"__id__":3},{"__type__":"637fcFaCipP1YcLsDdoAaLc","node":{"__id__":2},"phase":2,"isLoadPrefab":true,"prefabName":"QuestionNode","uris":["question_img1.png","question_img2.png","question_img3.png"]}],"_prefab":{"__type__":"cc.PrefabInfo","root":{"__id__":1},"asset":{"__uuid__":"e7iM9VGmpN1prIE4aNy7jI"},"fileId":"07bIheAIpJYY2OBaNqakJy"},"_contentSize":{"__type__":"cc.Size","width":406,"height":372},"_trs":{"__type__":"TypedArray","ctor":"Float64Array","array":[0,368,0,0,0,0,1,1,1,1]}},{"__type__":"cc.Sprite","node":{"__id__":2},"_materials":[{"__uuid__":"ecpdLyjvZBwrvm+cedCcQy"}]},{"__type__":"cc.Node","_name":"question_title","_parent":{"__id__":1},"_components":[{"__id__":5},{"__type__":"637fcFaCipP1YcLsDdoAaLc","node":{"__id__":4},"phase":2,"isLoadPrefab":true,"prefabName":"QuestionNode","uris":["question_title.png","question_title.png","question_title.png"]}],"_prefab":{"__type__":"cc.PrefabInfo","root":{"__id__":1},"asset":{"__uuid__":"e7iM9VGmpN1prIE4aNy7jI"},"fileId":"04WsKFvDFPwLybeuVuvRVc"},"_contentSize":{"__type__":"cc.Size","width":474,"height":57},"_trs":{"__type__":"TypedArray","ctor":"Float64Array","array":[0,59,0,0,0,0,1,1,1,1]}},{"__type__":"cc.Sprite","node":{"__id__":4},"_materials":[{"__uuid__":"ecpdLyjvZBwrvm+cedCcQy"}]},{"__type__":"cc.Node","_name":"question_option1","_parent":{"__id__":1},"_components":[{"__type__":"cc.Sprite","node":{"__id__":6},"_materials":[{"__uuid__":"ecpdLyjvZBwrvm+cedCcQy"}]},{"__type__":"da257I0UZNOTbRo7UsRnkec","node":{"__id__":6},"duration":0.1,"clickEvents":[{"__type__":"cc.ClickEvent","target":{"__id__":1},"_componentId":"6bedfXzz0dMZZh7I0rcWWBz","handler":"optionClickHandler","customEventData":"0"}]},{"__type__":"637fcFaCipP1YcLsDdoAaLc","node":{"__id__":6},"phase":2,"isLoadPrefab":true,"prefabName":"QuestionNode","uris":["question_option1.png","question_option1.png","question_option1.png"]}],"_prefab":{"__type__":"cc.PrefabInfo","root":{"__id__":1},"asset":{"__uuid__":"e7iM9VGmpN1prIE4aNy7jI"},"fileId":"578PjwiVNJtqnk+VhA3t42"},"_contentSize":{"__type__":"cc.Size","width":548,"height":110},"_trs":{"__type__":"TypedArray","ctor":"Float64Array","array":[0,-87,0,0,0,0,1,1,1,1]}},{"__type__":"cc.Node","_name":"question_option2","_parent":{"__id__":1},"_components":[{"__type__":"cc.Sprite","node":{"__id__":7},"_materials":[{"__uuid__":"ecpdLyjvZBwrvm+cedCcQy"}]},{"__type__":"da257I0UZNOTbRo7UsRnkec","node":{"__id__":7},"duration":0.1,"clickEvents":[{"__type__":"cc.ClickEvent","target":{"__id__":1},"_componentId":"6bedfXzz0dMZZh7I0rcWWBz","handler":"optionClickHandler","customEventData":"1"}]},{"__type__":"637fcFaCipP1YcLsDdoAaLc","node":{"__id__":7},"phase":2,"isLoadPrefab":true,"prefabName":"QuestionNode","uris":["question_option2.png","question_option2.png","question_option2.png"]}],"_prefab":{"__type__":"cc.PrefabInfo","root":{"__id__":1},"asset":{"__uuid__":"e7iM9VGmpN1prIE4aNy7jI"},"fileId":"29o9siyWZGxLgbHRYlaJtm"},"_contentSize":{"__type__":"cc.Size","width":548,"height":110},"_trs":{"__type__":"TypedArray","ctor":"Float64Array","array":[0,-223,0,0,0,0,1,1,1,1]}},{"__type__":"cc.Node","_name":"question_option3","_parent":{"__id__":1},"_components":[{"__type__":"cc.Sprite","node":{"__id__":8},"_materials":[{"__uuid__":"ecpdLyjvZBwrvm+cedCcQy"}]},{"__type__":"da257I0UZNOTbRo7UsRnkec","node":{"__id__":8},"duration":0.1,"clickEvents":[{"__type__":"cc.ClickEvent","target":{"__id__":1},"_componentId":"6bedfXzz0dMZZh7I0rcWWBz","handler":"optionClickHandler","customEventData":"2"}]},{"__type__":"637fcFaCipP1YcLsDdoAaLc","node":{"__id__":8},"phase":2,"isLoadPrefab":true,"prefabName":"QuestionNode","uris":["question_option3.png","question_option3.png","question_option3.png"]}],"_prefab":{"__type__":"cc.PrefabInfo","root":{"__id__":1},"asset":{"__uuid__":"e7iM9VGmpN1prIE4aNy7jI"},"fileId":"5a6bugs1JBb4eKMdo1qDTd"},"_contentSize":{"__type__":"cc.Size","width":548,"height":110},"_trs":{"__type__":"TypedArray","ctor":"Float64Array","array":[0,-359,0,0,0,0,1,1,1,1]}},{"__type__":"cc.Node","_name":"question_option4","_parent":{"__id__":1},"_components":[{"__type__":"cc.Sprite","node":{"__id__":9},"_materials":[{"__uuid__":"ecpdLyjvZBwrvm+cedCcQy"}]},{"__type__":"da257I0UZNOTbRo7UsRnkec","node":{"__id__":9},"duration":0.1,"clickEvents":[{"__type__":"cc.ClickEvent","target":{"__id__":1},"_componentId":"6bedfXzz0dMZZh7I0rcWWBz","handler":"optionClickHandler","customEventData":"3"}]},{"__type__":"637fcFaCipP1YcLsDdoAaLc","node":{"__id__":9},"phase":2,"isLoadPrefab":true,"prefabName":"QuestionNode","uris":["question_option4.png","question_option4.png","question_option4.png"]}],"_prefab":{"__type__":"cc.PrefabInfo","root":{"__id__":1},"asset":{"__uuid__":"e7iM9VGmpN1prIE4aNy7jI"},"fileId":"73rpLZfs9AfLcdAPzbcczL"},"_contentSize":{"__type__":"cc.Size","width":548,"height":110},"_trs":{"__type__":"TypedArray","ctor":"Float64Array","array":[0,-495,0,0,0,0,1,1,1,1]}}]]